Cluster ID,Firing Rate (Hz),True Count,Mean Permuted,Normalized True,Normalized Mean,Z-Score,p-value (two-tailed)
58.0,30.013776653731828,140,149.954,4.664524615318372,4.996172315467509,-0.572068323608531,0.5554445554445554
61.0,20.47712354598172,584,187.629,28.519630635065436,9.16285920621009,9.905113300756836,0.001998001998001998
95.0,42.1176919847376,934,388.28,22.175953999057175,9.218928713869293,11.343794556450769,0.000999000999000999
114.0,3.2584210947279817,144,25.555,44.19318308274743,7.842755511663962,10.187703686682417,0.002997002997002997
157.0,39.693877829146,827,298.061,20.834447154789178,7.508991721165195,11.64881577958307,0.001998001998001998
177.0,30.19000278108326,105,115.943,3.47797251829973,3.8404435018021488,-0.8280689640880947,0.46853146853146854
190.0,42.24351743966652,1467,384.56,34.7272218061674,9.103408601076847,12.138949453759244,0.001998001998001998
231.0,3.143169207440145,26,10.567,8.27190592808552,3.3618934593107572,4.85525264302606,0.001998001998001998
235.0,17.708258633036017,75,77.141,4.2353119837589315,4.356216023188637,-0.22523931483644868,0.8081918081918081
0.0,12.780976112289974,824,125.266,64.4708191894401,9.80097285993253,12.978992575020396,0.002997002997002997
12.0,15.6020039589317,179,84.843,11.472885180081475,5.437955292366774,7.405538684342607,0.001998001998001998
33.0,39.35834328266887,170,190.025,4.319287495895645,4.828074155338647,-1.1006811811632822,0.23576423576423577
35.0,2.9207718347226375,314,22.89,107.50582988616709,7.836969573548933,15.08223565616623,0.001998001998001998
41.0,25.35576765557877,75,88.237,2.957906895928608,3.479957743680701,-1.0464542913108066,0.3166833166833167
49.0,1.8944308690278964,69,14.318,36.42254839069767,7.557942722579845,10.996024735994894,0.001998001998001998
74.0,0.9607848463200085,17,8.973,17.693867742724382,9.339239720909758,2.0885630138089346,0.03696303696303696
84.0,9.312493473759083,37,53.43,3.9731571468220928,5.737453685262282,-1.7587298149676893,0.06393606393606394
97.0,10.123838564085078,381,90.958,37.63394660910736,8.98453678653855,12.19441278405476,0.001998001998001998
136.0,0.02149958753687473,5,0.312,232.5626010928962,14.511906308196721,8.574008915275952,0.001998001998001998
155.0,10.779399757832406,211,62.654,19.57437378149795,5.812383009033045,9.94726852977501,0.001998001998001998
187.0,9.849983162180953,423,102.601,42.94423584642358,10.416362983638075,11.00756443802449,0.000999000999000999
193.0,27.482464560455853,125,122.016,4.548354814577322,4.439776488443732,0.19226954125325976,0.8911088911088911
197.0,38.76516613800395,499,308.279,12.872381308093987,7.952474623803419,7.6977315437394385,0.002997002997002997
219.0,1.72384397775171,52,10.206,30.165142942820143,5.920489401431199,6.143529274814047,0.002997002997002997
224.0,0.30769081835560064,20,6.672,65.00031462390226,21.68410495853379,3.4454823398075254,0.007992007992007992
245.0,1.772834841155408,79,10.137,44.561398595096094,5.717960728588469,7.77884013948899,0.001998001998001998
173.0,21.645502770321716,121,108.398,5.590075743858621,5.007876284981709,1.2602150370174112,0.20679320679320679
189.0,1.3791456726523086,74,15.939,53.65640589488031,11.55715477781753,7.666018847190768,0.000999000999000999
210.0,19.87548754720393,42,95.377,2.1131557100297913,4.7987250513217,-4.322578682568918,0.008991008991008992
232.0,1.8852671104056218,114,20.84,60.46888495045803,11.054136511996012,10.521831981102258,0.001998001998001998
222.0,0.5011871061874732,31,2.425,61.853147491795596,4.838512344116268,12.081643844524548,0.001998001998001998
243.0,0.4483192679820436,57,5.923,127.14153522012577,13.211566896645701,10.758031179913928,0.001998001998001998
37.0,1.4020550692079947,105,11.92,74.89006837606837,8.501805857549858,11.079052572127793,0.002997002997002997
140.0,0.8448280545227661,37,8.291,43.79589408983451,9.813831294562647,7.484570126053756,0.002997002997002997
247.0,0.21675813664226162,34,4.929,156.856856802168,22.739630799349595,7.982433859692177,0.002997002997002997
3.0,0.9012204152752243,12,11.407,13.315277590926867,12.657280956641898,0.1430742887732936,0.8931068931068931
110.0,1.8436777443506838,80,12.331,43.39153100108329,6.688262109679474,8.083978896747924,0.001998001998001998
117.0,1.5331673079574604,48,20.15,31.307737747126435,13.142727408429117,3.7605493293455363,0.001998001998001998
139.0,1.5007417005247967,17,14.633,11.327732143416315,9.750512026741818,0.4747198264719781,0.7012987012987013
192.0,0.21781549340637021,11,2.241,50.501458036677455,10.288524314563107,3.2373654566764207,0.023976023976023976
194.0,0.17728348411554082,9,1.768,50.76615029821073,9.972728191915175,4.118633503001141,0.008991008991008992
23.0,0.8095828290524796,24,7.574,29.644897518502393,9.355435575214047,3.7440487015544384,0.007992007992007992
99.0,0.262576929753634,34,6.324,129.485861655481,24.08437026791946,5.213984580903065,0.001998001998001998
109.0,1.6515912655376228,24,10.62,14.531440375586854,6.430162366197182,3.3992799908031315,0.005994005994005994
144.0,1.0041364736484608,8,11.548,7.96704453024453,11.50042877940798,-0.7804615204006643,0.48451548451548454
204.0,1.076389185862548,79,11.225,73.39352813796114,10.428384219602705,9.239260745756093,0.001998001998001998
223.0,0.27597011543234284,34,6.55,123.20174576415496,23.734453963388674,4.91144677960407,0.001998001998001998
229.0,0.6347665107198589,29,10.443,45.68609009809364,16.45171858256524,4.496795459597466,0.001998001998001998
205.0,0.2696259748476913,16,5.08,59.3414637037037,18.840914725925924,3.830345176129725,0.01098901098901099
149.0,2.699079366514536,21,27.135,7.78043071297989,10.053427971271873,-0.7913073124807127,0.4485514485514486
154.0,2.4946570587868746,32,17.457,12.827414448525948,6.997755438372422,2.114722900208434,0.03796203796203796
188.0,1.25014814743106,42,12.315,33.59601826895968,9.850832499577107,5.182388735612964,0.002997002997002997
239.0,0.1635378461821291,14,4.635,85.60709540229884,28.34206337068965,2.736305146502357,0.014985014985014986
111.0,0.08282627985517314,10,1.903,120.73462695035461,22.975799508652482,4.423239450140817,0.01098901098901099
171.0,3.787804381291684,12,15.869,3.1680622313203686,4.189498295735244,-0.8973818963361571,0.4005994005994006
225.0,0.10890774670318511,10,2.754,91.82083279395901,25.28745735145631,2.8273519126065563,0.026973026973026972
17.0,0.1593084191256947,20,3.628,125.54264306784661,22.773435452507375,7.187334849118174,0.001998001998001998
88.0,0.38487786213552794,7,4.881,18.187588034188035,12.681945313553115,0.8434833757551113,0.45754245754245754
43.0,0.03982710478142368,4,0.288,100.43411445427729,7.231256240707965,7.100092700204196,0.001998001998001998
53.0,0.018327517244548952,3,0.192,163.68829230769228,10.476050707692307,6.6311276124301,0.002997002997002997
240.0,0.1279401684571398,14,2.705,109.42614949494948,21.142695313131313,3.5725112475147327,0.015984015984015984
91.0,0.8303775120799486,10,7.404,12.04271533672892,8.916426435314092,0.7399917140516706,0.4485514485514486
234.0,0.6404057467951046,18,3.3,28.107180627407814,5.152983115024766,6.021372375572432,0.003996003996003996
212.0,0.11313717375961949,7,2.725,61.871794807892,24.085805835929385,1.8344412007573634,0.06893106893106893
51.0,0.17375896156851217,8,3.974,46.0407908045977,22.870762832183907,1.5956986086630611,0.0959040959040959
249.0,0.10855529444848225,6,1.303,55.27137142857143,12.003099495238095,2.727239190958354,0.03496503496503497
8.0,0.005286783820542967,2,0.113,378.3018311111111,21.374053457777777,5.3084827588619605,0.013986013986013986
244.0,0.8635080240220179,3,6.218,3.4742004897959182,7.200859548517006,-0.9060980293024785,0.38961038961038963
