cluster_id	Amplitude	ContamPct	KSLabel	amp	ch	depth	fr	group	n_spikes	sh
0	478.00000000	82.80000000	mua	38.17850876	1	1440.00000000	5.98045495	mua	21692	0
1	680.60000000	20.40000000	mua	55.79640198	10	1515.00000000	8.41294407	good	30515	0
2	2251.70000000	100.00000000	mua	175.69866943	47	1785.00000000	0.00220559	noise	8	0
3	806.80000000	73.80000000	mua	56.64530182	13	2250.00000000	3.89644891	mua	14133	0
4	1483.10000000	100.00000000	mua	180.89112854	69	2310.00000000	0.02426148	noise	88	0
5	590.70000000	74.80000000	mua	43.17975616	23	2325.00000000	4.86801093	mua	17657	0
7	868.20000000	2.90000000	good	66.88294220	29	2370.00000000	0.92359045	good	3350	0
9	2122.40000000	0.00000000	mua	154.52581787	321	2040.00000000	0.00082710	noise	3	0
10	703.80000000	33.40000000	mua	57.42428207	32	2400.00000000	3.83855220	mua	13923	0
11	704.50000000	49.50000000	mua	54.36222839	32	2400.00000000	5.21373703	mua	18911	0
13	280.30000000	58.70000000	mua	20.88091278	33	2400.00000000	3.63067542	noise	13169	0
14	1561.90000000	68.30000000	mua	74.71379089	33	2400.00000000	4.10019021	mua	14872	0
16	1267.20000000	0.30000000	good	77.13520813	35	1695.00000000	67.91780916	good	246348	0
17	1134.80000000	100.00000000	mua	106.80517578	101	1830.00000000	0.01102795	noise	40	0
19	627.90000000	67.90000000	mua	51.67185211	51	1455.00000000	2.95190536	mua	10707	0
21	3337.50000000	inf	mua	146.40008545	65	2280.00000000	0.00110279	noise	4	0
22	1690.40000000	0.00000000	mua	106.12120056	65	2280.00000000	0.00137849	noise	5	0
23	3899.80000000	518.40000000	mua	83.98014832	55	2205.00000000	0.28424530	noise	1031	0
24	1301.50000000	35.40000000	mua	76.04168701	55	2205.00000000	8.12649318	noise	29476	0
25	1110.40000000	24.10000000	mua	73.00497437	55	2205.00000000	4.78943682	noise	17372	0
26	1234.30000000	185.70000000	mua	79.80461121	55	2205.00000000	4.72602613	noise	17142	0
27	1942.80000000	0.00000000	mua	96.56615448	55	2205.00000000	0.00385978	noise	14	0
28	3311.80000000	156.80000000	mua	165.99044800	56	2220.00000000	2.52677806	noise	9165	0
29	18425.50000000	548.90000000	mua	112.32943726	56	2220.00000000	0.12020461	noise	436	0
30	4511.30000000	160.40000000	mua	170.36357117	56	2220.00000000	1.59160826	noise	5773	0
31	4570.50000000	157.00000000	mua	84.14265442	56	2220.00000000	0.45352427	noise	1645	0
32	3797.80000000	167.40000000	mua	171.36886597	56	2220.00000000	0.70055025	noise	2541	0
33	1817.50000000	244.90000000	mua	85.83215332	56	2220.00000000	0.21835332	noise	792	0
34	2886.10000000	153.20000000	mua	136.23898315	56	2220.00000000	1.11768230	noise	4054	0
35	1201.70000000	100.00000000	mua	135.27436829	339	1815.00000000	0.01764471	noise	64	0
36	2151.60000000	inf	mua	87.67236328	65	2280.00000000	0.00220559	noise	8	0
37	308.20000000	75.50000000	mua	19.21958733	334	2145.00000000	2.89042457	noise	10484	0
38	238.70000000	105.80000000	mua	18.06386185	69	2310.00000000	2.38120917	noise	8637	0
39	767.40000000	84.50000000	mua	55.34426880	77	2370.00000000	1.28172299	mua	4649	0
40	417.90000000	99.90000000	mua	32.76797485	83	2415.00000000	1.15435022	mua	4187	0
41	522.70000000	94.70000000	mua	40.68394852	83	2415.00000000	1.25580732	mua	4555	0
42	1619.20000000	100.00000000	mua	141.64483643	350	1905.00000000	0.00385978	noise	14	0
43	640.30000000	23.30000000	mua	49.37893677	86	1005.00000000	8.08954957	mua	29342	0
44	369.60000000	25.40000000	mua	27.59719849	94	1065.00000000	5.06292987	mua	18364	0
45	295.50000000	83.70000000	mua	21.55983734	144	1080.00000000	2.69660842	noise	9781	0
46	3775.40000000	110.10000000	mua	81.61059570	97	1800.00000000	1.41957231	noise	5149	0
47	1180.10000000	52.90000000	mua	76.50166321	97	1800.00000000	4.40979979	noise	15995	0
48	1792.10000000	140.60000000	mua	87.03100586	97	1800.00000000	3.05887644	noise	11095	0
49	1192.30000000	30.80000000	mua	77.11794281	97	1800.00000000	8.26213692	noise	29968	0
50	700.10000000	153.50000000	mua	54.89100647	97	1800.00000000	1.41819382	noise	5144	0
51	1567.50000000	100.00000000	mua	142.04071045	339	1815.00000000	0.00523827	noise	19	0
52	521.60000000	83.50000000	mua	39.99399948	99	1815.00000000	4.33343126	mua	15718	0
53	572.50000000	0.00000000	mua	49.02449799	101	1830.00000000	0.08546658	noise	310	0
54	655.40000000	42.60000000	mua	48.01879883	107	1875.00000000	2.04127275	mua	7404	0
55	258.10000000	99.70000000	mua	20.71492958	111	1905.00000000	2.63595472	mua	9561	0
56	414.30000000	42.80000000	mua	31.92405128	113	1920.00000000	4.02961136	mua	14616	0
57	994.70000000	55.50000000	mua	65.52208710	119	1965.00000000	3.22622551	good	11702	0
58	1545.80000000	100.00000000	mua	178.26239014	228	1710.00000000	0.00854666	noise	31	0
59	2336.60000000	100.00000000	mua	184.12512207	101	1830.00000000	0.00220559	noise	8	0
60	1266.40000000	1.70000000	good	97.70358276	125	2010.00000000	38.84263033	good	140888	0
62	1967.10000000	100.00000000	mua	152.33290100	101	1830.00000000	0.00248129	noise	9	0
63	1269.10000000	0.90000000	good	80.59378815	128	2040.00000000	44.17243649	good	160220	0
64	1293.20000000	29.30000000	mua	73.93801117	129	2040.00000000	6.79156036	good	24634	0
65	845.90000000	1.00000000	good	62.12445450	135	1365.00000000	29.92984462	good	108560	0
66	530.70000000	4.20000000	good	50.86663055	138	1395.00000000	23.07321938	good	83690	0
67	2054.00000000	0.40000000	good	111.21453857	143	1425.00000000	53.65040442	good	194598	0
68	1270.20000000	100.00000000	mua	106.23337555	147	1095.00000000	0.00192989	noise	7	0
69	671.70000000	50.70000000	mua	54.03125000	170	1275.00000000	8.28639840	mua	30056	0
70	352.40000000	59.70000000	mua	26.96892929	171	1275.00000000	3.20802940	noise	11636	0
71	554.30000000	100.00000000	mua	50.19512939	173	2010.00000000	0.01709332	noise	62	0
72	468.80000000	0.00000000	good	43.20498657	179	2055.00000000	1.08845824	mua	3948	0
76	1312.30000000	0.00000000	mua	89.90830994	191	2145.00000000	0.01075225	noise	39	0
77	976.10000000	100.00000000	mua	77.10309601	175	2025.00000000	0.01874751	noise	68	0
78	768.20000000	0.00000000	good	55.77383041	193	1440.00000000	0.31622634	good	1147	0
79	1346.50000000	0.00000000	good	90.30702972	193	1440.00000000	0.39673035	good	1439	0
80	447.90000000	15.60000000	mua	36.57505417	192	1440.00000000	7.04961429	good	25570	0
81	619.80000000	10.50000000	mua	51.45489120	197	1470.00000000	7.77111763	good	28187	0
82	3911.00000000	0.00000000	good	75.63222504	197	1470.00000000	0.24233911	good	879	0
83	1628.40000000	0.00000000	good	85.80656433	197	1470.00000000	0.24482039	good	888	0
84	1886.70000000	100.00000000	mua	147.12519836	65	2280.00000000	0.00385978	noise	14	0
85	2258.70000000	0.10000000	good	82.75791931	199	1485.00000000	35.24614154	good	127843	0
86	1391.80000000	1.80000000	good	55.49697495	200	1500.00000000	1.00326736	good	3639	0
87	2844.60000000	0.00000000	good	109.55780029	201	1500.00000000	0.22083461	good	801	0
90	1730.50000000	0.00000000	good	93.47973633	209	1560.00000000	0.24564749	good	891	0
91	491.90000000	63.50000000	mua	38.28706741	204	1530.00000000	5.86383443	mua	21269	0
92	584.00000000	44.70000000	mua	45.77677917	210	1575.00000000	13.51033627	mua	49004	0
93	582.40000000	21.60000000	mua	41.76050568	219	1635.00000000	1.68424301	good	6109	0
94	992.20000000	0.20000000	good	57.59731674	221	1650.00000000	48.78073930	good	176935	0
95	1441.60000000	100.00000000	mua	107.29652405	229	1710.00000000	0.00303269	noise	11	0
96	519.80000000	126.50000000	mua	43.23040009	232	1740.00000000	1.61118287	mua	5844	0
97	1017.10000000	100.00000000	mua	92.60888672	228	1710.00000000	0.01792041	noise	65	0
98	631.50000000	4.10000000	good	54.57898712	235	1755.00000000	4.95899148	good	17987	0
99	565.70000000	72.20000000	mua	46.31484222	236	1770.00000000	1.25553162	mua	4554	0
100	292.10000000	20.20000000	mua	24.10300255	239	1785.00000000	1.72614920	noise	6261	0
101	1096.70000000	40.90000000	mua	56.66332626	241	2160.00000000	9.08123758	mua	32939	0
102	266.80000000	28.50000000	mua	21.74873352	241	2160.00000000	1.15821000	noise	4201	0
103	1611.10000000	3.70000000	good	62.88333893	245	2190.00000000	1.61366415	good	5853	0
104	2555.10000000	100.00000000	mua	176.46633911	175	2025.00000000	0.00082710	noise	3	0
105	745.80000000	130.70000000	mua	61.65714264	253	2250.00000000	0.85108171	noise	3087	0
106	1208.80000000	38.30000000	mua	90.73497009	253	2250.00000000	3.82145888	mua	13861	0
107	965.70000000	39.70000000	mua	79.02966309	253	2250.00000000	5.64713529	mua	20483	0
108	530.30000000	70.70000000	mua	38.88032150	256	1560.00000000	3.98715377	mua	14462	0
109	667.60000000	16.30000000	mua	53.03955460	256	1560.00000000	8.03496123	mua	29144	0
110	857.20000000	2.90000000	good	59.20485306	255	1545.00000000	1.06557525	good	3865	0
111	6379.40000000	0.00000000	good	92.65546417	257	1560.00000000	1.31370403	good	4765	0
112	2937.00000000	0.00000000	good	138.56909180	257	1560.00000000	1.18219578	good	4288	0
113	569.10000000	27.40000000	mua	44.54045868	255	1545.00000000	7.18250103	mua	26052	0
114	2054.50000000	100.00000000	mua	175.61611938	283	1755.00000000	0.00661677	noise	24	0
115	2198.00000000	inf	mua	103.33197021	339	1815.00000000	0.00248129	noise	9	0
116	1180.60000000	0.00000000	good	50.52391434	266	1635.00000000	0.77388609	mua	2807	0
117	614.20000000	26.50000000	mua	47.96617889	265	1620.00000000	6.89136327	mua	24996	0
118	507.50000000	34.60000000	mua	39.18240738	266	1635.00000000	1.71126147	good	6207	0
119	662.30000000	18.60000000	mua	52.47176361	265	1620.00000000	12.18973978	good	44214	0
120	1000.20000000	0.00000000	good	46.76749802	271	1665.00000000	0.23186256	mua	841	0
121	2498.30000000	100.00000000	mua	186.18582153	283	1755.00000000	0.00110279	noise	4	0
122	715.90000000	24.30000000	mua	52.54861450	272	1680.00000000	2.49727830	mua	9058	0
123	627.70000000	69.50000000	mua	51.09101868	279	1725.00000000	1.36002140	mua	4933	0
124	2303.50000000	100.00000000	mua	159.85656738	283	1755.00000000	0.00192989	noise	7	0
125	928.90000000	100.00000000	mua	113.62316132	340	1830.00000000	0.02646707	noise	96	0
126	1283.40000000	111.90000000	mua	78.43218994	285	1770.00000000	6.27407401	noise	22757	0
127	1148.60000000	68.00000000	mua	76.65113831	285	1770.00000000	9.00569615	noise	32665	0
128	3211.40000000	130.20000000	mua	79.46516418	285	1770.00000000	1.88715721	noise	6845	0
129	2118.00000000	0.00000000	mua	107.49423218	339	1815.00000000	0.00385978	noise	14	0
130	1556.90000000	inf	mua	98.92053223	340	1830.00000000	0.00385978	noise	14	0
131	1707.60000000	804.40000000	mua	102.76583862	285	1770.00000000	0.04052770	noise	147	0
132	687.30000000	69.20000000	mua	51.10352325	343	1845.00000000	5.07699050	mua	18415	0
134	1518.00000000	100.00000000	good	78.65360260	348	1890.00000000	0.00716816	noise	26	0
135	1846.10000000	100.00000000	mua	163.67959595	303	1905.00000000	0.00744386	noise	27	0
136	436.80000000	120.00000000	mua	37.47843933	292	1830.00000000	0.40417421	noise	1466	0
137	1323.60000000	100.00000000	mua	174.35803223	65	2280.00000000	0.03914921	noise	142	0
138	6691.80000000	0.00000000	good	140.23892212	315	1995.00000000	3.70235707	mua	13429	0
139	2508.60000000	100.00000000	mua	137.28483582	303	1905.00000000	0.00137849	noise	5	0
140	798.80000000	0.80000000	good	62.69625854	323	2055.00000000	20.15136517	good	73092	0
141	1955.40000000	100.00000000	mua	153.47726440	321	2040.00000000	0.00165419	noise	6	0
144	2550.40000000	0.00000000	mua	157.46736145	65	2280.00000000	0.00165419	noise	6	0
145	288.30000000	25.10000000	mua	23.41729164	334	2145.00000000	1.82154093	noise	6607	0
146	1779.50000000	975.00000000	mua	73.19853973	348	1890.00000000	0.00551397	noise	20	0
147	1411.50000000	inf	mua	80.56419373	350	1905.00000000	0.00468688	noise	17	0
148	2723.30000000	0.00000000	mua	129.69438171	221	1650.00000000	0.00330838	noise	12	0
149	2025.00000000	inf	mua	70.65175629	348	1890.00000000	0.00358408	noise	13	0
150	686.10000000	27.70000000	mua	56.04707336	342	1845.00000000	3.19203888	mua	11578	0
151	731.60000000	45.80000000	mua	56.71862411	341	1830.00000000	5.08029888	mua	18427	0
152	965.80000000	11.00000000	mua	75.18985748	343	1845.00000000	9.28222189	good	33668	0
153	950.40000000	11.50000000	mua	74.02005005	341	1830.00000000	9.38809017	good	34052	0
154	1363.40000000	0.00000000	good	63.74124908	340	1830.00000000	0.26246511	good	952	0
155	1383.80000000	inf	mua	67.01576233	348	1890.00000000	0.00634107	noise	23	0
156	1951.80000000	100.00000000	mua	137.01295471	350	1905.00000000	0.00220559	noise	8	0
157	1856.40000000	inf	mua	66.71696472	348	1890.00000000	0.00496258	noise	18	0
158	1517.40000000	0.00000000	mua	79.04790497	348	1890.00000000	0.00385978	noise	14	0
159	1984.70000000	inf	mua	68.10778046	348	1890.00000000	0.01213074	noise	44	0
160	1824.30000000	0.00000000	good	94.76982117	339	1815.00000000	0.00496258	noise	18	0
161	1001.00000000	0.00000000	mua	53.70719147	283	1755.00000000	0.00385978	noise	14	0
162	321.20000000	74.30000000	mua	25.92858887	350	1905.00000000	1.52985177	noise	5549	0
163	703.70000000	0.00000000	mua	45.39235687	348	1890.00000000	0.02095310	noise	76	0
164	1593.10000000	0.00000000	mua	88.74431610	348	1890.00000000	0.00192989	noise	7	0
165	2795.30000000	inf	mua	88.32775879	348	1890.00000000	0.00358408	noise	13	0
166	1074.20000000	12.00000000	mua	74.72238159	358	1245.00000000	12.77311810	mua	46330	0
167	645.20000000	31.50000000	mua	45.71932983	358	1245.00000000	4.34225362	mua	15750	0
168	759.00000000	10.30000000	mua	59.75104523	359	1245.00000000	8.00325589	mua	29029	0
169	1147.00000000	100.00000000	mua	107.87931061	193	1440.00000000	0.01406063	noise	51	0
170	769.10000000	4.90000000	good	53.76802063	360	1260.00000000	12.18505290	good	44197	0
171	1082.20000000	0.00000000	mua	87.64703369	363	1275.00000000	0.31815623	mua	1154	0
172	787.60000000	9.30000000	good	58.32148361	363	1275.00000000	16.22679500	good	58857	0
173	547.40000000	8.90000000	good	44.27353668	364	1290.00000000	14.49651032	good	52581	0
174	1124.90000000	44.50000000	mua	68.26451111	367	1305.00000000	29.18407979	mua	105855	0
175	961.40000000	100.00000000	good	69.92365265	367	1305.00000000	0.01792041	mua	65	0
179	2277.50000000	71.20000000	mua	76.45262146	33	2400.00000000	3.67533860	mua	13331	0
183	2943.60000000	152.00000000	mua	83.08268738	55	2205.00000000	1.36360549	noise	4946	0
184	6534.80000000	204.60000000	mua	111.94161987	56	2220.00000000	0.29747884	noise	1079	0
185	213.30000000	15.30000000	mua	18.82911873	334	2145.00000000	0.64678902	noise	2346	0
188	796.70000000	81.80000000	mua	58.82827377	187	2115.00000000	2.83225215	mua	10273	0
189	1276.10000000	0.00000000	good	53.25606918	193	1440.00000000	0.85273590	good	3093	0
190	559.30000000	9.50000000	good	45.92182541	205	1530.00000000	1.70740169	good	6193	0
191	1409.20000000	0.40000000	good	65.40594482	197	1470.00000000	2.55186663	good	9256	0
193	2098.30000000	0.00000000	good	92.81375122	209	1560.00000000	0.54312633	good	1970	0
194	552.70000000	55.70000000	mua	40.70371246	212	1590.00000000	2.86037342	mua	10375	0
195	1545.80000000	8.90000000	good	80.17266846	245	2190.00000000	1.08542556	good	3937	0
196	404.20000000	7.90000000	good	48.83953094	253	2250.00000000	30.14295967	good	109333	0
197	1679.10000000	41.70000000	mua	94.37557983	253	2250.00000000	1.29137244	good	4684	0
198	1528.50000000	21.40000000	mua	62.13454056	255	1545.00000000	0.23544664	good	854	0
199	1252.80000000	0.00000000	good	65.73576355	255	1545.00000000	0.20567119	good	746	0
200	834.10000000	4.20000000	good	60.13002014	255	1545.00000000	0.87699738	good	3181	0
201	755.60000000	318.40000000	mua	59.96792603	255	1545.00000000	0.09042915	mua	328	0
202	773.80000000	0.00000000	good	56.74757767	258	1575.00000000	0.25970812	good	942	0
204	438.70000000	14.30000000	mua	34.80801773	281	1740.00000000	3.23036099	good	11717	0
208	920.90000000	0.00000000	mua	81.51659393	344	1860.00000000	0.09842442	mua	357	0
209	824.70000000	0.00000000	mua	70.55007172	343	1845.00000000	0.78188135	mua	2836	0
210	811.90000000	65.70000000	mua	68.60855865	343	1845.00000000	0.90291305	mua	3275	0
211	804.30000000	0.00000000	mua	52.75180054	342	1845.00000000	0.09925151	mua	360	0
212	983.00000000	2.40000000	good	67.70089722	363	1275.00000000	13.30245950	good	48250	0
213	910.10000000	0.00000000	good	75.58177185	367	1305.00000000	1.23016734	mua	4462	0
215	1557.50000000	0.00000000	good	58.25487518	245	2190.00000000	0.18058261	good	655	0
216	1813.70000000	8.40000000	good	79.05598450	253	2250.00000000	2.55296943	good	9260	0
217	1164.00000000	0.00000000	good	70.87724304	265	1620.00000000	0.11965321	good	434	0
218	996.60000000	58.00000000	mua	74.32489777	269	1650.00000000	0.16624628	mua	603	0
220	1110.60000000	2.20000000	good	83.65245056	51	1455.00000000	2.89566284	good	10503	0
222	1732.80000000	2.80000000	good	76.11305237	125	2010.00000000	1.90314773	good	6903	0
223	517.20000000	4.60000000	good	46.27144623	328	2100.00000000	6.69065465	good	24268	0
224	903.80000000	0.00000000	good	69.66823578	332	2130.00000000	0.96604804	good	3504	0
226	2128.40000000	4.60000000	good	67.39851379	23	2325.00000000	1.20948994	good	4387	0
227	999.50000000	0.00000000	good	68.55065918	50	1455.00000000	0.57979425	good	2103	0
228	1180.30000000	0.50000000	good	76.00321960	337	1800.00000000	9.78950739	good	35508	0
230	1630.80000000	0.00000000	good	95.92912292	29	2370.00000000	0.42457591	good	1540	0
232	998.60000000	0.00000000	mua	76.11129761	31	2385.00000000	0.22055891	mua	800	0
233	442.90000000	0.30000000	good	50.65445709	34	1695.00000000	29.92377925	good	108538	0
235	1190.00000000	0.00000000	good	73.94413757	187	2115.00000000	0.73639107	good	2671	0
236	670.40000000	4.30000000	good	45.07861328	206	1545.00000000	2.83087366	good	10268	0
237	574.60000000	4.80000000	good	48.00746918	269	1650.00000000	1.05675290	good	3833	0
