Observation id,Observation date,Description,Observation type,Source,Total duration,Media duration (s),FPS (frame/s),Subject,Observation duration by subject by observation,EventType,Behavioral category,Modifier #1,Behavior type,Start (s),Stop (s),Duration (s),Media file name,StartFrame,EndFrame,Image file path start,Image file path stop,Comment start,Comment stop,ActualStartFrame,ActualEndFrame,indexStart,indexEnd
7744_SSIntro,42:51.3,,Media file,player #1:C:/Users/winth/OneDrive - UCB-O365/Desktop/Neuropixels Videos/7744_SSintro_Jan27.mp4,3935.2,4096.583,60,No focal subject,1395.025,epoch,Not defined,rest start,POINT,0,0,,C:/Users/winth/OneDrive - UCB-O365/Desktop/Neuropixels Videos/7744_SSintro_Jan27.mp4,0,0,,,,,1,1,9786,9786
7744_SSIntro,42:51.3,,Media file,player #1:C:/Users/winth/OneDrive - UCB-O365/Desktop/Neuropixels Videos/7744_SSintro_Jan27.mp4,3935.2,4096.583,60,No focal subject,1395.025,sleeping,Not defined,,STATE,485.717,489.883,4.166,C:/Users/winth/OneDrive - UCB-O365/Desktop/Neuropixels Videos/7744_SSintro_Jan27.mp4,29143,29393,,,,,29144,29394,1224044,1234461
7744_SSIntro,42:51.3,,Media file,player #1:C:/Users/winth/OneDrive - UCB-O365/Desktop/Neuropixels Videos/7744_SSintro_Jan27.mp4,3935.2,4096.583,60,No focal subject,1395.025,sleeping,Not defined,,STATE,495.917,526.167,30.25,C:/Users/winth/OneDrive - UCB-O365/Desktop/Neuropixels Videos/7744_SSintro_Jan27.mp4,29755,31570,,,,,29756,31571,1249544,1325166
7744_SSIntro,42:51.3,,Media file,player #1:C:/Users/winth/OneDrive - UCB-O365/Desktop/Neuropixels Videos/7744_SSintro_Jan27.mp4,3935.2,4096.583,60,No focal subject,1395.025,sleeping,Not defined,,STATE,532.9,568.317,35.417,C:/Users/winth/OneDrive - UCB-O365/Desktop/Neuropixels Videos/7744_SSintro_Jan27.mp4,31974,34099,,,,,31975,34100,1341999,1430539
7744_SSIntro,42:51.3,,Media file,player #1:C:/Users/winth/OneDrive - UCB-O365/Desktop/Neuropixels Videos/7744_SSintro_Jan27.mp4,3935.2,4096.583,60,No focal subject,1395.025,sleeping,Not defined,,STATE,577.817,578.467,0.65,C:/Users/winth/OneDrive - UCB-O365/Desktop/Neuropixels Videos/7744_SSintro_Jan27.mp4,34669,34708,,,,,34670,34709,1454288,1455913
7744_SSIntro,42:51.3,,Media file,player #1:C:/Users/winth/OneDrive - UCB-O365/Desktop/Neuropixels Videos/7744_SSintro_Jan27.mp4,3935.2,4096.583,60,No focal subject,1395.025,sleeping,Not defined,,STATE,587.4,588.35,0.95,C:/Users/winth/OneDrive - UCB-O365/Desktop/Neuropixels Videos/7744_SSintro_Jan27.mp4,35244,35301,,,,,35245,35302,1478246,1480621
7744_SSIntro,42:51.3,,Media file,player #1:C:/Users/winth/OneDrive - UCB-O365/Desktop/Neuropixels Videos/7744_SSintro_Jan27.mp4,3935.2,4096.583,60,No focal subject,1395.025,sleeping,Not defined,,STATE,592.7,626.733,34.033,C:/Users/winth/OneDrive - UCB-O365/Desktop/Neuropixels Videos/7744_SSintro_Jan27.mp4,35562,37604,,,,,35563,37605,1491495,1576576
7744_SSIntro,42:51.3,,Media file,player #1:C:/Users/winth/OneDrive - UCB-O365/Desktop/Neuropixels Videos/7744_SSintro_Jan27.mp4,3935.2,4096.583,60,No focal subject,1395.025,sleeping,Not defined,,STATE,629.483,647.667,18.184,C:/Users/winth/OneDrive - UCB-O365/Desktop/Neuropixels Videos/7744_SSintro_Jan27.mp4,37769,38860,,,,,37770,38861,1583451,1628908
7744_SSIntro,42:51.3,,Media file,player #1:C:/Users/winth/OneDrive - UCB-O365/Desktop/Neuropixels Videos/7744_SSintro_Jan27.mp4,3935.2,4096.583,60,No focal subject,1395.025,sleeping,Not defined,,STATE,712.3,715.85,3.55,C:/Users/winth/OneDrive - UCB-O365/Desktop/Neuropixels Videos/7744_SSintro_Jan27.mp4,42738,42951,,,,,42739,42952,1790487,1799362
7744_SSIntro,42:51.3,,Media file,player #1:C:/Users/winth/OneDrive - UCB-O365/Desktop/Neuropixels Videos/7744_SSintro_Jan27.mp4,3935.2,4096.583,60,No focal subject,1395.025,sleeping,Not defined,,STATE,735.333,737.45,2.117,C:/Users/winth/OneDrive - UCB-O365/Desktop/Neuropixels Videos/7744_SSintro_Jan27.mp4,44120,44247,,,,,44121,44248,1848069,1853360
7744_SSIntro,42:51.3,,Media file,player #1:C:/Users/winth/OneDrive - UCB-O365/Desktop/Neuropixels Videos/7744_SSintro_Jan27.mp4,3935.2,4096.583,60,No focal subject,1395.025,sleeping,Not defined,,STATE,746.833,777.233,30.4,C:/Users/winth/OneDrive - UCB-O365/Desktop/Neuropixels Videos/7744_SSintro_Jan27.mp4,44810,46634,,,,,44811,46635,1876818,1952816
7744_SSIntro,42:51.3,,Media file,player #1:C:/Users/winth/OneDrive - UCB-O365/Desktop/Neuropixels Videos/7744_SSintro_Jan27.mp4,3935.2,4096.583,60,No focal subject,1395.025,sleeping,Not defined,,STATE,782.45,797.317,14.867,C:/Users/winth/OneDrive - UCB-O365/Desktop/Neuropixels Videos/7744_SSintro_Jan27.mp4,46947,47839,,,,,46948,47840,1965857,2003023
7744_SSIntro,42:51.3,,Media file,player #1:C:/Users/winth/OneDrive - UCB-O365/Desktop/Neuropixels Videos/7744_SSintro_Jan27.mp4,3935.2,4096.583,60,No focal subject,1395.025,sleeping,Not defined,,STATE,801.4,818.65,17.25,C:/Users/winth/OneDrive - UCB-O365/Desktop/Neuropixels Videos/7744_SSintro_Jan27.mp4,48085,49119,,,,,48086,49120,2013273,2056355
7744_SSIntro,42:51.3,,Media file,player #1:C:/Users/winth/OneDrive - UCB-O365/Desktop/Neuropixels Videos/7744_SSintro_Jan27.mp4,3935.2,4096.583,60,No focal subject,1395.025,sleeping,Not defined,,STATE,821.983,898.033,76.05,C:/Users/winth/OneDrive - UCB-O365/Desktop/Neuropixels Videos/7744_SSintro_Jan27.mp4,49319,53882,,,,,49320,53883,2064688,2254808
7744_SSIntro,42:51.3,,Media file,player #1:C:/Users/winth/OneDrive - UCB-O365/Desktop/Neuropixels Videos/7744_SSintro_Jan27.mp4,3935.2,4096.583,60,No focal subject,1395.025,sleeping,Not defined,,STATE,903.417,930.117,26.7,C:/Users/winth/OneDrive - UCB-O365/Desktop/Neuropixels Videos/7744_SSintro_Jan27.mp4,54205,55807,,,,,54206,55809,2268266,2335055
7744_SSIntro,42:51.3,,Media file,player #1:C:/Users/winth/OneDrive - UCB-O365/Desktop/Neuropixels Videos/7744_SSintro_Jan27.mp4,3935.2,4096.583,60,No focal subject,1395.025,sleeping,Not defined,,STATE,934.367,1002.633,68.266,C:/Users/winth/OneDrive - UCB-O365/Desktop/Neuropixels Videos/7744_SSintro_Jan27.mp4,56062,60158,,,,,56064,60160,2345680,2516342
7744_SSIntro,42:51.3,,Media file,player #1:C:/Users/winth/OneDrive - UCB-O365/Desktop/Neuropixels Videos/7744_SSintro_Jan27.mp4,3935.2,4096.583,60,No focal subject,1395.025,sleeping,Not defined,,STATE,1007.433,1111.867,104.434,C:/Users/winth/OneDrive - UCB-O365/Desktop/Neuropixels Videos/7744_SSintro_Jan27.mp4,60446,66712,,,,,60448,66714,2528342,2789418
7744_SSIntro,42:51.3,,Media file,player #1:C:/Users/winth/OneDrive - UCB-O365/Desktop/Neuropixels Videos/7744_SSintro_Jan27.mp4,3935.2,4096.583,60,No focal subject,1395.025,sleeping,Not defined,,STATE,1117.717,1140.7,22.983,C:/Users/winth/OneDrive - UCB-O365/Desktop/Neuropixels Videos/7744_SSintro_Jan27.mp4,67063,68442,,,,,67065,68444,2804043,2861500
7744_SSIntro,42:51.3,,Media file,player #1:C:/Users/winth/OneDrive - UCB-O365/Desktop/Neuropixels Videos/7744_SSintro_Jan27.mp4,3935.2,4096.583,60,No focal subject,1395.025,sleeping,Not defined,,STATE,1145.25,1196.117,50.867,C:/Users/winth/OneDrive - UCB-O365/Desktop/Neuropixels Videos/7744_SSintro_Jan27.mp4,68715,71767,,,,,68717,71769,2872874,3000037
7744_SSIntro,42:51.3,,Media file,player #1:C:/Users/winth/OneDrive - UCB-O365/Desktop/Neuropixels Videos/7744_SSintro_Jan27.mp4,3935.2,4096.583,60,No focal subject,1395.025,sleeping,Not defined,,STATE,1201.9,1225.483,23.583,C:/Users/winth/OneDrive - UCB-O365/Desktop/Neuropixels Videos/7744_SSintro_Jan27.mp4,72115,73529,,,,,72117,73531,3014537,3073452
7744_SSIntro,42:51.3,,Media file,player #1:C:/Users/winth/OneDrive - UCB-O365/Desktop/Neuropixels Videos/7744_SSintro_Jan27.mp4,3935.2,4096.583,60,No focal subject,1395.025,epoch,Not defined,rest end ,POINT,1295.382,1295.382,,C:/Users/winth/OneDrive - UCB-O365/Desktop/Neuropixels Videos/7744_SSintro_Jan27.mp4,77723,77723,,,,,77725,77725,3248197,3248197
7744_SSIntro,42:51.3,,Media file,player #1:C:/Users/winth/OneDrive - UCB-O365/Desktop/Neuropixels Videos/7744_SSintro_Jan27.mp4,3935.2,4096.583,60,No focal subject,1395.025,epoch,Not defined,novel start,POINT,1348.767,1348.767,,C:/Users/winth/OneDrive - UCB-O365/Desktop/Neuropixels Videos/7744_SSintro_Jan27.mp4,80926,80926,,,,,80928,80928,3381652,3381652
7744_SSIntro,42:51.3,,Media file,player #1:C:/Users/winth/OneDrive - UCB-O365/Desktop/Neuropixels Videos/7744_SSintro_Jan27.mp4,3935.2,4096.583,60,No focal subject,1395.025,cup interaction,Not defined,,STATE,1348.883,1359.667,10.784,C:/Users/winth/OneDrive - UCB-O365/Desktop/Neuropixels Videos/7744_SSintro_Jan27.mp4,80933,81580,,,,,80935,81582,3381944,3408901
7744_SSIntro,42:51.3,,Media file,player #1:C:/Users/winth/OneDrive - UCB-O365/Desktop/Neuropixels Videos/7744_SSintro_Jan27.mp4,3935.2,4096.583,60,No focal subject,1395.025,cup interaction,Not defined,,STATE,1360.183,1369.317,9.134,C:/Users/winth/OneDrive - UCB-O365/Desktop/Neuropixels Videos/7744_SSintro_Jan27.mp4,81611,82159,,,,,81613,82161,3410193,3433026
7744_SSIntro,42:51.3,,Media file,player #1:C:/Users/winth/OneDrive - UCB-O365/Desktop/Neuropixels Videos/7744_SSintro_Jan27.mp4,3935.2,4096.583,60,No focal subject,1395.025,cup interaction,Not defined,,STATE,1370.367,1382.2,11.833,C:/Users/winth/OneDrive - UCB-O365/Desktop/Neuropixels Videos/7744_SSintro_Jan27.mp4,82222,82932,,,,,82224,82934,3435650,3465233
7744_SSIntro,42:51.3,,Media file,player #1:C:/Users/winth/OneDrive - UCB-O365/Desktop/Neuropixels Videos/7744_SSintro_Jan27.mp4,3935.2,4096.583,60,No focal subject,1395.025,cup interaction,Not defined,,STATE,1383.783,1386.45,2.667,C:/Users/winth/OneDrive - UCB-O365/Desktop/Neuropixels Videos/7744_SSintro_Jan27.mp4,83027,83187,,,,,83029,83189,3469191,3475858
7744_SSIntro,42:51.3,,Media file,player #1:C:/Users/winth/OneDrive - UCB-O365/Desktop/Neuropixels Videos/7744_SSintro_Jan27.mp4,3935.2,4096.583,60,No focal subject,1395.025,cup interaction,Not defined,,STATE,1388.433,1395.967,7.534,C:/Users/winth/OneDrive - UCB-O365/Desktop/Neuropixels Videos/7744_SSintro_Jan27.mp4,83306,83758,,,,,83308,83760,3480816,3499649
7744_SSIntro,42:51.3,,Media file,player #1:C:/Users/winth/OneDrive - UCB-O365/Desktop/Neuropixels Videos/7744_SSintro_Jan27.mp4,3935.2,4096.583,60,No focal subject,1395.025,cup interaction,Not defined,,STATE,1398,1402.117,4.117,C:/Users/winth/OneDrive - UCB-O365/Desktop/Neuropixels Videos/7744_SSintro_Jan27.mp4,83880,84127,,,,,83882,84129,3504732,3515023
7744_SSIntro,42:51.3,,Media file,player #1:C:/Users/winth/OneDrive - UCB-O365/Desktop/Neuropixels Videos/7744_SSintro_Jan27.mp4,3935.2,4096.583,60,No focal subject,1395.025,cup interaction,Not defined,,STATE,1402.783,1443.167,40.384,C:/Users/winth/OneDrive - UCB-O365/Desktop/Neuropixels Videos/7744_SSintro_Jan27.mp4,84167,86590,,,,,84169,86592,3516690,3617645
7744_SSIntro,42:51.3,,Media file,player #1:C:/Users/winth/OneDrive - UCB-O365/Desktop/Neuropixels Videos/7744_SSintro_Jan27.mp4,3935.2,4096.583,60,No focal subject,1395.025,cup interaction,Not defined,,STATE,1444.167,1451.5,7.333,C:/Users/winth/OneDrive - UCB-O365/Desktop/Neuropixels Videos/7744_SSintro_Jan27.mp4,86650,87090,,,,,86652,87092,3620145,3638478
7744_SSIntro,42:51.3,,Media file,player #1:C:/Users/winth/OneDrive - UCB-O365/Desktop/Neuropixels Videos/7744_SSintro_Jan27.mp4,3935.2,4096.583,60,No focal subject,1395.025,cup interaction,Not defined,,STATE,1453.967,1458.267,4.3,C:/Users/winth/OneDrive - UCB-O365/Desktop/Neuropixels Videos/7744_SSintro_Jan27.mp4,87238,87496,,,,,87240,87498,3644645,3655394
7744_SSIntro,42:51.3,,Media file,player #1:C:/Users/winth/OneDrive - UCB-O365/Desktop/Neuropixels Videos/7744_SSintro_Jan27.mp4,3935.2,4096.583,60,No focal subject,1395.025,cup interaction,Not defined,,STATE,1462.017,1475.417,13.4,C:/Users/winth/OneDrive - UCB-O365/Desktop/Neuropixels Videos/7744_SSintro_Jan27.mp4,87721,88525,,,,,87723,88527,3664769,3698268
7744_SSIntro,42:51.3,,Media file,player #1:C:/Users/winth/OneDrive - UCB-O365/Desktop/Neuropixels Videos/7744_SSintro_Jan27.mp4,3935.2,4096.583,60,No focal subject,1395.025,cup interaction,Not defined,,STATE,1479.55,1486.917,7.367,C:/Users/winth/OneDrive - UCB-O365/Desktop/Neuropixels Videos/7744_SSintro_Jan27.mp4,88773,89215,,,,,88775,89217,3708601,3727018
7744_SSIntro,42:51.3,,Media file,player #1:C:/Users/winth/OneDrive - UCB-O365/Desktop/Neuropixels Videos/7744_SSintro_Jan27.mp4,3935.2,4096.583,60,No focal subject,1395.025,cup interaction,Not defined,,STATE,1492.2,1508.683,16.483,C:/Users/winth/OneDrive - UCB-O365/Desktop/Neuropixels Videos/7744_SSintro_Jan27.mp4,89532,90521,,,,,89534,90523,3740226,3781433
7744_SSIntro,42:51.3,,Media file,player #1:C:/Users/winth/OneDrive - UCB-O365/Desktop/Neuropixels Videos/7744_SSintro_Jan27.mp4,3935.2,4096.583,60,No focal subject,1395.025,cup interaction,Not defined,,STATE,1509.383,1523.6,14.217,C:/Users/winth/OneDrive - UCB-O365/Desktop/Neuropixels Videos/7744_SSintro_Jan27.mp4,90563,91416,,,,,90565,91418,3783183,3818723
7744_SSIntro,42:51.3,,Media file,player #1:C:/Users/winth/OneDrive - UCB-O365/Desktop/Neuropixels Videos/7744_SSintro_Jan27.mp4,3935.2,4096.583,60,No focal subject,1395.025,cup interaction,Not defined,,STATE,1524.5,1526.567,2.067,C:/Users/winth/OneDrive - UCB-O365/Desktop/Neuropixels Videos/7744_SSintro_Jan27.mp4,91470,91594,,,,,91472,91596,3820973,3826140
7744_SSIntro,42:51.3,,Media file,player #1:C:/Users/winth/OneDrive - UCB-O365/Desktop/Neuropixels Videos/7744_SSintro_Jan27.mp4,3935.2,4096.583,60,No focal subject,1395.025,cup interaction,Not defined,,STATE,1535.483,1542.4,6.917,C:/Users/winth/OneDrive - UCB-O365/Desktop/Neuropixels Videos/7744_SSintro_Jan27.mp4,92129,92544,,,,,92131,92546,3848431,3865722
7744_SSIntro,42:51.3,,Media file,player #1:C:/Users/winth/OneDrive - UCB-O365/Desktop/Neuropixels Videos/7744_SSintro_Jan27.mp4,3935.2,4096.583,60,No focal subject,1395.025,cup interaction,Not defined,,STATE,1549.583,1553.833,4.25,C:/Users/winth/OneDrive - UCB-O365/Desktop/Neuropixels Videos/7744_SSintro_Jan27.mp4,92975,93230,,,,,92977,93232,3883680,3894305
7744_SSIntro,42:51.3,,Media file,player #1:C:/Users/winth/OneDrive - UCB-O365/Desktop/Neuropixels Videos/7744_SSintro_Jan27.mp4,3935.2,4096.583,60,No focal subject,1395.025,cup interaction,Not defined,,STATE,1562.583,1568.633,6.05,C:/Users/winth/OneDrive - UCB-O365/Desktop/Neuropixels Videos/7744_SSintro_Jan27.mp4,93755,94118,,,,,93757,94120,3916179,3931304
7744_SSIntro,42:51.3,,Media file,player #1:C:/Users/winth/OneDrive - UCB-O365/Desktop/Neuropixels Videos/7744_SSintro_Jan27.mp4,3935.2,4096.583,60,No focal subject,1395.025,cup interaction,Not defined,,STATE,1570.483,1571.967,1.484,C:/Users/winth/OneDrive - UCB-O365/Desktop/Neuropixels Videos/7744_SSintro_Jan27.mp4,94229,94318,,,,,94231,94320,3935928,3939637
7744_SSIntro,42:51.3,,Media file,player #1:C:/Users/winth/OneDrive - UCB-O365/Desktop/Neuropixels Videos/7744_SSintro_Jan27.mp4,3935.2,4096.583,60,No focal subject,1395.025,cup interaction,Not defined,,STATE,1578.183,1582.95,4.767,C:/Users/winth/OneDrive - UCB-O365/Desktop/Neuropixels Videos/7744_SSintro_Jan27.mp4,94691,94977,,,,,94693,94979,3955178,3967094
7744_SSIntro,42:51.3,,Media file,player #1:C:/Users/winth/OneDrive - UCB-O365/Desktop/Neuropixels Videos/7744_SSintro_Jan27.mp4,3935.2,4096.583,60,No focal subject,1395.025,cup interaction,Not defined,,STATE,1585.933,1588.217,2.284,C:/Users/winth/OneDrive - UCB-O365/Desktop/Neuropixels Videos/7744_SSintro_Jan27.mp4,95156,95293,,,,,95158,95295,3974553,3980261
7744_SSIntro,42:51.3,,Media file,player #1:C:/Users/winth/OneDrive - UCB-O365/Desktop/Neuropixels Videos/7744_SSintro_Jan27.mp4,3935.2,4096.583,60,No focal subject,1395.025,cup interaction,Not defined,,STATE,1589.817,1591.067,1.25,C:/Users/winth/OneDrive - UCB-O365/Desktop/Neuropixels Videos/7744_SSintro_Jan27.mp4,95389,95464,,,,,95391,95466,3984261,3987386
7744_SSIntro,42:51.3,,Media file,player #1:C:/Users/winth/OneDrive - UCB-O365/Desktop/Neuropixels Videos/7744_SSintro_Jan27.mp4,3935.2,4096.583,60,No focal subject,1395.025,cup interaction,Not defined,,STATE,1605.3,1656.417,51.117,C:/Users/winth/OneDrive - UCB-O365/Desktop/Neuropixels Videos/7744_SSintro_Jan27.mp4,96318,99385,,,,,96320,99387,4022968,4150756
7744_SSIntro,42:51.3,,Media file,player #1:C:/Users/winth/OneDrive - UCB-O365/Desktop/Neuropixels Videos/7744_SSintro_Jan27.mp4,3935.2,4096.583,60,No focal subject,1395.025,cup interaction,Not defined,,STATE,1670.95,1678.967,8.017,C:/Users/winth/OneDrive - UCB-O365/Desktop/Neuropixels Videos/7744_SSintro_Jan27.mp4,100257,100738,,,,,100259,100740,4187088,4207130
7744_SSIntro,42:51.3,,Media file,player #1:C:/Users/winth/OneDrive - UCB-O365/Desktop/Neuropixels Videos/7744_SSintro_Jan27.mp4,3935.2,4096.583,60,No focal subject,1395.025,cup interaction,Not defined,,STATE,1680.75,1681.9,1.15,C:/Users/winth/OneDrive - UCB-O365/Desktop/Neuropixels Videos/7744_SSintro_Jan27.mp4,100845,100914,,,,,100847,100916,4211588,4214463
7744_SSIntro,42:51.3,,Media file,player #1:C:/Users/winth/OneDrive - UCB-O365/Desktop/Neuropixels Videos/7744_SSintro_Jan27.mp4,3935.2,4096.583,60,No focal subject,1395.025,cup interaction,Not defined,,STATE,1683.883,1687.367,3.484,C:/Users/winth/OneDrive - UCB-O365/Desktop/Neuropixels Videos/7744_SSintro_Jan27.mp4,101033,101242,,,,,101035,101244,4219421,4228129
7744_SSIntro,42:51.3,,Media file,player #1:C:/Users/winth/OneDrive - UCB-O365/Desktop/Neuropixels Videos/7744_SSintro_Jan27.mp4,3935.2,4096.583,60,No focal subject,1395.025,cup interaction,Not defined,,STATE,1693.65,1694.45,0.8,C:/Users/winth/OneDrive - UCB-O365/Desktop/Neuropixels Videos/7744_SSintro_Jan27.mp4,101619,101667,,,,,101621,101669,4243837,4245837
7744_SSIntro,42:51.3,,Media file,player #1:C:/Users/winth/OneDrive - UCB-O365/Desktop/Neuropixels Videos/7744_SSintro_Jan27.mp4,3935.2,4096.583,60,No focal subject,1395.025,cup interaction,Not defined,,STATE,1718.383,1733.467,15.084,C:/Users/winth/OneDrive - UCB-O365/Desktop/Neuropixels Videos/7744_SSintro_Jan27.mp4,103103,104008,,,,,103105,104010,4305668,4343376
7744_SSIntro,42:51.3,,Media file,player #1:C:/Users/winth/OneDrive - UCB-O365/Desktop/Neuropixels Videos/7744_SSintro_Jan27.mp4,3935.2,4096.583,60,No focal subject,1395.025,cup interaction,Not defined,,STATE,1751.417,1758.933,7.516,C:/Users/winth/OneDrive - UCB-O365/Desktop/Neuropixels Videos/7744_SSintro_Jan27.mp4,105085,105536,,,,,105087,105538,4388250,4407041
7744_SSIntro,42:51.3,,Media file,player #1:C:/Users/winth/OneDrive - UCB-O365/Desktop/Neuropixels Videos/7744_SSintro_Jan27.mp4,3935.2,4096.583,60,No focal subject,1395.025,cup interaction,Not defined,,STATE,1788,1788.683,0.683,C:/Users/winth/OneDrive - UCB-O365/Desktop/Neuropixels Videos/7744_SSintro_Jan27.mp4,107280,107321,,,,,107282,107323,4479705,4481414
7744_SSIntro,42:51.3,,Media file,player #1:C:/Users/winth/OneDrive - UCB-O365/Desktop/Neuropixels Videos/7744_SSintro_Jan27.mp4,3935.2,4096.583,60,No focal subject,1395.025,cup interaction,Not defined,,STATE,1790.1,1794.383,4.283,C:/Users/winth/OneDrive - UCB-O365/Desktop/Neuropixels Videos/7744_SSintro_Jan27.mp4,107406,107663,,,,,107408,107665,4484955,4495663
7744_SSIntro,42:51.3,,Media file,player #1:C:/Users/winth/OneDrive - UCB-O365/Desktop/Neuropixels Videos/7744_SSintro_Jan27.mp4,3935.2,4096.583,60,No focal subject,1395.025,cup interaction,Not defined,,STATE,1796.417,1798.617,2.2,C:/Users/winth/OneDrive - UCB-O365/Desktop/Neuropixels Videos/7744_SSintro_Jan27.mp4,107785,107917,,,,,107787,107919,4500746,4506246
7744_SSIntro,42:51.3,,Media file,player #1:C:/Users/winth/OneDrive - UCB-O365/Desktop/Neuropixels Videos/7744_SSintro_Jan27.mp4,3935.2,4096.583,60,No focal subject,1395.025,cup interaction,Not defined,,STATE,1800.283,1802.55,2.267,C:/Users/winth/OneDrive - UCB-O365/Desktop/Neuropixels Videos/7744_SSintro_Jan27.mp4,108017,108153,,,,,108019,108155,4510413,4516079
7744_SSIntro,42:51.3,,Media file,player #1:C:/Users/winth/OneDrive - UCB-O365/Desktop/Neuropixels Videos/7744_SSintro_Jan27.mp4,3935.2,4096.583,60,No focal subject,1395.025,cup interaction,Not defined,,STATE,2024.067,2055.333,31.266,C:/Users/winth/OneDrive - UCB-O365/Desktop/Neuropixels Videos/7744_SSintro_Jan27.mp4,121444,123319,,,,,121446,123321,5069856,5147979
7744_SSIntro,42:51.3,,Media file,player #1:C:/Users/winth/OneDrive - UCB-O365/Desktop/Neuropixels Videos/7744_SSintro_Jan27.mp4,3935.2,4096.583,60,No focal subject,1395.025,cup interaction,Not defined,,STATE,2068.533,2073.233,4.7,C:/Users/winth/OneDrive - UCB-O365/Desktop/Neuropixels Videos/7744_SSintro_Jan27.mp4,124111,124393,,,,,124113,124395,5180978,5192728
7744_SSIntro,42:51.3,,Media file,player #1:C:/Users/winth/OneDrive - UCB-O365/Desktop/Neuropixels Videos/7744_SSintro_Jan27.mp4,3935.2,4096.583,60,No focal subject,1395.025,cup interaction,Not defined,,STATE,2099.183,2114,14.817,C:/Users/winth/OneDrive - UCB-O365/Desktop/Neuropixels Videos/7744_SSintro_Jan27.mp4,125950,126839,,,,,125952,126841,5257601,5294641
7744_SSIntro,42:51.3,,Media file,player #1:C:/Users/winth/OneDrive - UCB-O365/Desktop/Neuropixels Videos/7744_SSintro_Jan27.mp4,3935.2,4096.583,60,No focal subject,1395.025,cup interaction,Not defined,,STATE,2126.933,2134.717,7.784,C:/Users/winth/OneDrive - UCB-O365/Desktop/Neuropixels Videos/7744_SSintro_Jan27.mp4,127615,128082,,,,,127617,128084,5326974,5346432
7744_SSIntro,42:51.3,,Media file,player #1:C:/Users/winth/OneDrive - UCB-O365/Desktop/Neuropixels Videos/7744_SSintro_Jan27.mp4,3935.2,4096.583,60,No focal subject,1395.025,cup interaction,Not defined,,STATE,2162.033,2163.817,1.784,C:/Users/winth/OneDrive - UCB-O365/Desktop/Neuropixels Videos/7744_SSintro_Jan27.mp4,129721,129828,,,,,129723,129830,5414721,5419180
7744_SSIntro,42:51.3,,Media file,player #1:C:/Users/winth/OneDrive - UCB-O365/Desktop/Neuropixels Videos/7744_SSintro_Jan27.mp4,3935.2,4096.583,60,No focal subject,1395.025,cup interaction,Not defined,,STATE,2166.017,2170.6,4.583,C:/Users/winth/OneDrive - UCB-O365/Desktop/Neuropixels Videos/7744_SSintro_Jan27.mp4,129960,130235,,,,,129962,130237,5424679,5436138
7744_SSIntro,42:51.3,,Media file,player #1:C:/Users/winth/OneDrive - UCB-O365/Desktop/Neuropixels Videos/7744_SSintro_Jan27.mp4,3935.2,4096.583,60,No focal subject,1395.025,cup interaction,Not defined,,STATE,2173.333,2180.233,6.9,C:/Users/winth/OneDrive - UCB-O365/Desktop/Neuropixels Videos/7744_SSintro_Jan27.mp4,130399,130813,,,,,130401,130815,5442971,5460220
7744_SSIntro,42:51.3,,Media file,player #1:C:/Users/winth/OneDrive - UCB-O365/Desktop/Neuropixels Videos/7744_SSintro_Jan27.mp4,3935.2,4096.583,60,No focal subject,1395.025,cup interaction,Not defined,,STATE,2182.017,2196.617,14.6,C:/Users/winth/OneDrive - UCB-O365/Desktop/Neuropixels Videos/7744_SSintro_Jan27.mp4,130920,131796,,,,,130922,131798,5464678,5501177
7744_SSIntro,42:51.3,,Media file,player #1:C:/Users/winth/OneDrive - UCB-O365/Desktop/Neuropixels Videos/7744_SSintro_Jan27.mp4,3935.2,4096.583,60,No focal subject,1395.025,cup interaction,Not defined,,STATE,2209.633,2212.55,2.917,C:/Users/winth/OneDrive - UCB-O365/Desktop/Neuropixels Videos/7744_SSintro_Jan27.mp4,132577,132752,,,,,132579,132754,5533718,5541010
7744_SSIntro,42:51.3,,Media file,player #1:C:/Users/winth/OneDrive - UCB-O365/Desktop/Neuropixels Videos/7744_SSintro_Jan27.mp4,3935.2,4096.583,60,No focal subject,1395.025,sleeping,Not defined,,STATE,2229.167,2231.083,1.916,C:/Users/winth/OneDrive - UCB-O365/Desktop/Neuropixels Videos/7744_SSintro_Jan27.mp4,133749,133864,,,,,133751,133866,5582550,5587342
7744_SSIntro,42:51.3,,Media file,player #1:C:/Users/winth/OneDrive - UCB-O365/Desktop/Neuropixels Videos/7744_SSintro_Jan27.mp4,3935.2,4096.583,60,No focal subject,1395.025,sleeping,Not defined,,STATE,2284.35,2287.383,3.033,C:/Users/winth/OneDrive - UCB-O365/Desktop/Neuropixels Videos/7744_SSintro_Jan27.mp4,137060,137242,,,,,137062,137244,5720505,5728088
7744_SSIntro,42:51.3,,Media file,player #1:C:/Users/winth/OneDrive - UCB-O365/Desktop/Neuropixels Videos/7744_SSintro_Jan27.mp4,3935.2,4096.583,60,No focal subject,1395.025,sleeping,Not defined,,STATE,2292.933,2296.8,3.867,C:/Users/winth/OneDrive - UCB-O365/Desktop/Neuropixels Videos/7744_SSintro_Jan27.mp4,137575,137807,,,,,137577,137809,5741963,5751629
7744_SSIntro,42:51.3,,Media file,player #1:C:/Users/winth/OneDrive - UCB-O365/Desktop/Neuropixels Videos/7744_SSintro_Jan27.mp4,3935.2,4096.583,60,No focal subject,1395.025,sleeping,Not defined,,STATE,2301.633,2307.067,5.434,C:/Users/winth/OneDrive - UCB-O365/Desktop/Neuropixels Videos/7744_SSintro_Jan27.mp4,138097,138423,,,,,138099,138425,5763712,5777295
7744_SSIntro,42:51.3,,Media file,player #1:C:/Users/winth/OneDrive - UCB-O365/Desktop/Neuropixels Videos/7744_SSintro_Jan27.mp4,3935.2,4096.583,60,No focal subject,1395.025,cup interaction,Not defined,,STATE,2319.783,2330.6,10.817,C:/Users/winth/OneDrive - UCB-O365/Desktop/Neuropixels Videos/7744_SSintro_Jan27.mp4,139186,139835,,,,,139188,139837,5809086,5836127
7744_SSIntro,42:51.3,,Media file,player #1:C:/Users/winth/OneDrive - UCB-O365/Desktop/Neuropixels Videos/7744_SSintro_Jan27.mp4,3935.2,4096.583,60,No focal subject,1395.025,cup interaction,Not defined,,STATE,2333.867,2334.517,0.65,C:/Users/winth/OneDrive - UCB-O365/Desktop/Neuropixels Videos/7744_SSintro_Jan27.mp4,140031,140070,,,,,140033,140072,5844293,5845918
7744_SSIntro,42:51.3,,Media file,player #1:C:/Users/winth/OneDrive - UCB-O365/Desktop/Neuropixels Videos/7744_SSintro_Jan27.mp4,3935.2,4096.583,60,No focal subject,1395.025,sleeping,Not defined,,STATE,2383.183,2389.05,5.867,C:/Users/winth/OneDrive - UCB-O365/Desktop/Neuropixels Videos/7744_SSintro_Jan27.mp4,142990,143342,,,,,142992,143344,5967581,5982248
7744_SSIntro,42:51.3,,Media file,player #1:C:/Users/winth/OneDrive - UCB-O365/Desktop/Neuropixels Videos/7744_SSintro_Jan27.mp4,3935.2,4096.583,60,No focal subject,1395.025,sleeping,Not defined,,STATE,2398.05,2417.733,19.683,C:/Users/winth/OneDrive - UCB-O365/Desktop/Neuropixels Videos/7744_SSintro_Jan27.mp4,143882,145063,,,,,143884,145065,6004747,6053954
7744_SSIntro,42:51.3,,Media file,player #1:C:/Users/winth/OneDrive - UCB-O365/Desktop/Neuropixels Videos/7744_SSintro_Jan27.mp4,3935.2,4096.583,60,No focal subject,1395.025,sleeping,Not defined,,STATE,2422.283,2426.317,4.034,C:/Users/winth/OneDrive - UCB-O365/Desktop/Neuropixels Videos/7744_SSintro_Jan27.mp4,145336,145578,,,,,145338,145580,6065329,6075412
7744_SSIntro,42:51.3,,Media file,player #1:C:/Users/winth/OneDrive - UCB-O365/Desktop/Neuropixels Videos/7744_SSintro_Jan27.mp4,3935.2,4096.583,60,No focal subject,1395.025,sleeping,Not defined,,STATE,2428.083,2439.85,11.767,C:/Users/winth/OneDrive - UCB-O365/Desktop/Neuropixels Videos/7744_SSintro_Jan27.mp4,145684,146390,,,,,145686,146392,6079828,6109244
7744_SSIntro,42:51.3,,Media file,player #1:C:/Users/winth/OneDrive - UCB-O365/Desktop/Neuropixels Videos/7744_SSintro_Jan27.mp4,3935.2,4096.583,60,No focal subject,1395.025,sleeping,Not defined,,STATE,2441.017,2450.2,9.183,C:/Users/winth/OneDrive - UCB-O365/Desktop/Neuropixels Videos/7744_SSintro_Jan27.mp4,146460,147011,,,,,146462,147013,6112161,6135118
7744_SSIntro,42:51.3,,Media file,player #1:C:/Users/winth/OneDrive - UCB-O365/Desktop/Neuropixels Videos/7744_SSintro_Jan27.mp4,3935.2,4096.583,60,No focal subject,1395.025,sleeping,Not defined,,STATE,2462.217,2471.617,9.4,C:/Users/winth/OneDrive - UCB-O365/Desktop/Neuropixels Videos/7744_SSintro_Jan27.mp4,147732,148296,,,,,147734,148298,6165159,6188659
7744_SSIntro,42:51.3,,Media file,player #1:C:/Users/winth/OneDrive - UCB-O365/Desktop/Neuropixels Videos/7744_SSintro_Jan27.mp4,3935.2,4096.583,60,No focal subject,1395.025,cup interaction,Not defined,,STATE,2607.133,2615.4,8.267,C:/Users/winth/OneDrive - UCB-O365/Desktop/Neuropixels Videos/7744_SSintro_Jan27.mp4,156427,156923,,,,,156429,156925,6527441,6548107
7744_SSIntro,42:51.3,,Media file,player #1:C:/Users/winth/OneDrive - UCB-O365/Desktop/Neuropixels Videos/7744_SSintro_Jan27.mp4,3935.2,4096.583,60,No focal subject,1395.025,epoch,Not defined,novel end,POINT,2626.033,2626.033,,C:/Users/winth/OneDrive - UCB-O365/Desktop/Neuropixels Videos/7744_SSintro_Jan27.mp4,157561,157561,,,,,157563,157563,6574690,6574690
7744_SSIntro,42:51.3,,Media file,player #1:C:/Users/winth/OneDrive - UCB-O365/Desktop/Neuropixels Videos/7744_SSintro_Jan27.mp4,3935.2,4096.583,60,No focal subject,1395.025,epoch,Not defined,rest start,POINT,2688.85,2688.85,,C:/Users/winth/OneDrive - UCB-O365/Desktop/Neuropixels Videos/7744_SSintro_Jan27.mp4,161330,161330,,,,,161332,161332,6731727,6731727
7744_SSIntro,42:51.3,,Media file,player #1:C:/Users/winth/OneDrive - UCB-O365/Desktop/Neuropixels Videos/7744_SSintro_Jan27.mp4,3935.2,4096.583,60,No focal subject,1395.025,sleeping,Not defined,,STATE,2890.25,2894.583,4.333,C:/Users/winth/OneDrive - UCB-O365/Desktop/Neuropixels Videos/7744_SSintro_Jan27.mp4,173414,173674,,,,,173416,173676,7235213,7246046
7744_SSIntro,42:51.3,,Media file,player #1:C:/Users/winth/OneDrive - UCB-O365/Desktop/Neuropixels Videos/7744_SSintro_Jan27.mp4,3935.2,4096.583,60,No focal subject,1395.025,sleeping,Not defined,,STATE,2901,2935.033,34.033,C:/Users/winth/OneDrive - UCB-O365/Desktop/Neuropixels Videos/7744_SSintro_Jan27.mp4,174059,176101,,,,,174061,176103,7262088,7347169
7744_SSIntro,42:51.3,,Media file,player #1:C:/Users/winth/OneDrive - UCB-O365/Desktop/Neuropixels Videos/7744_SSintro_Jan27.mp4,3935.2,4096.583,60,No focal subject,1395.025,sleeping,Not defined,,STATE,2953.667,2971.35,17.683,C:/Users/winth/OneDrive - UCB-O365/Desktop/Neuropixels Videos/7744_SSintro_Jan27.mp4,177219,178280,,,,,177221,178282,7393751,7437958
7744_SSIntro,42:51.3,,Media file,player #1:C:/Users/winth/OneDrive - UCB-O365/Desktop/Neuropixels Videos/7744_SSintro_Jan27.mp4,3935.2,4096.583,60,No focal subject,1395.025,sleeping,Not defined,,STATE,3474.983,3480.733,5.75,C:/Users/winth/OneDrive - UCB-O365/Desktop/Neuropixels Videos/7744_SSintro_Jan27.mp4,208498,208843,,,,,208500,208845,8697007,8711381
7744_SSIntro,42:51.3,,Media file,player #1:C:/Users/winth/OneDrive - UCB-O365/Desktop/Neuropixels Videos/7744_SSintro_Jan27.mp4,3935.2,4096.583,60,No focal subject,1395.025,sleeping,Not defined,,STATE,3484.167,3502.483,18.316,C:/Users/winth/OneDrive - UCB-O365/Desktop/Neuropixels Videos/7744_SSintro_Jan27.mp4,209049,210148,,,,,209051,210150,8719964,8765755
7744_SSIntro,42:51.3,,Media file,player #1:C:/Users/winth/OneDrive - UCB-O365/Desktop/Neuropixels Videos/7744_SSintro_Jan27.mp4,3935.2,4096.583,60,No focal subject,1395.025,sleeping,Not defined,,STATE,3507,3540.883,33.883,C:/Users/winth/OneDrive - UCB-O365/Desktop/Neuropixels Videos/7744_SSintro_Jan27.mp4,210419,212452,,,,,210421,212454,8777046,8861752
7744_SSIntro,42:51.3,,Media file,player #1:C:/Users/winth/OneDrive - UCB-O365/Desktop/Neuropixels Videos/7744_SSintro_Jan27.mp4,3935.2,4096.583,60,No focal subject,1395.025,sleeping,Not defined,,STATE,3545.933,3579.45,33.517,C:/Users/winth/OneDrive - UCB-O365/Desktop/Neuropixels Videos/7744_SSintro_Jan27.mp4,212755,214766,,,,,212757,214768,8874377,8958166
7744_SSIntro,42:51.3,,Media file,player #1:C:/Users/winth/OneDrive - UCB-O365/Desktop/Neuropixels Videos/7744_SSintro_Jan27.mp4,3935.2,4096.583,60,No focal subject,1395.025,sleeping,Not defined,,STATE,3584,3589.85,5.85,C:/Users/winth/OneDrive - UCB-O365/Desktop/Neuropixels Videos/7744_SSintro_Jan27.mp4,215039,215390,,,,,215041,215392,8969541,8984166
7744_SSIntro,42:51.3,,Media file,player #1:C:/Users/winth/OneDrive - UCB-O365/Desktop/Neuropixels Videos/7744_SSintro_Jan27.mp4,3935.2,4096.583,60,No focal subject,1395.025,sleeping,Not defined,,STATE,3594.233,3635.117,40.884,C:/Users/winth/OneDrive - UCB-O365/Desktop/Neuropixels Videos/7744_SSintro_Jan27.mp4,215653,218106,,,,,215655,218108,8995124,9097329
7744_SSIntro,42:51.3,,Media file,player #1:C:/Users/winth/OneDrive - UCB-O365/Desktop/Neuropixels Videos/7744_SSintro_Jan27.mp4,3935.2,4096.583,60,No focal subject,1395.025,sleeping,Not defined,,STATE,3638.267,3655.517,17.25,C:/Users/winth/OneDrive - UCB-O365/Desktop/Neuropixels Videos/7744_SSintro_Jan27.mp4,218295,219330,,,,,218297,219332,9105204,9148328
7744_SSIntro,42:51.3,,Media file,player #1:C:/Users/winth/OneDrive - UCB-O365/Desktop/Neuropixels Videos/7744_SSintro_Jan27.mp4,3935.2,4096.583,60,No focal subject,1395.025,sleeping,Not defined,,STATE,3704.867,3722.033,17.166,C:/Users/winth/OneDrive - UCB-O365/Desktop/Neuropixels Videos/7744_SSintro_Jan27.mp4,222291,223321,,,,,222293,223323,9271700,9314615
7744_SSIntro,42:51.3,,Media file,player #1:C:/Users/winth/OneDrive - UCB-O365/Desktop/Neuropixels Videos/7744_SSintro_Jan27.mp4,3935.2,4096.583,60,No focal subject,1395.025,sleeping,Not defined,,STATE,3733.383,3741.6,8.217,C:/Users/winth/OneDrive - UCB-O365/Desktop/Neuropixels Videos/7744_SSintro_Jan27.mp4,224003,224495,,,,,224005,224497,9343031,9363530
7744_SSIntro,42:51.3,,Media file,player #1:C:/Users/winth/OneDrive - UCB-O365/Desktop/Neuropixels Videos/7744_SSintro_Jan27.mp4,3935.2,4096.583,60,No focal subject,1395.025,sleeping,Not defined,,STATE,3747.683,3773.05,25.367,C:/Users/winth/OneDrive - UCB-O365/Desktop/Neuropixels Videos/7744_SSintro_Jan27.mp4,224860,226382,,,,,224862,226384,9378738,9442153
7744_SSIntro,42:51.3,,Media file,player #1:C:/Users/winth/OneDrive - UCB-O365/Desktop/Neuropixels Videos/7744_SSintro_Jan27.mp4,3935.2,4096.583,60,No focal subject,1395.025,sleeping,Not defined,,STATE,3780,3809.4,29.4,C:/Users/winth/OneDrive - UCB-O365/Desktop/Neuropixels Videos/7744_SSintro_Jan27.mp4,226799,228563,,,,,226801,228565,9459528,9533026
7744_SSIntro,42:51.3,,Media file,player #1:C:/Users/winth/OneDrive - UCB-O365/Desktop/Neuropixels Videos/7744_SSintro_Jan27.mp4,3935.2,4096.583,60,No focal subject,1395.025,sleeping,Not defined,,STATE,3814.85,3834.883,20.033,C:/Users/winth/OneDrive - UCB-O365/Desktop/Neuropixels Videos/7744_SSintro_Jan27.mp4,228890,230092,,,,,228892,230094,9546650,9596732
7744_SSIntro,42:51.3,,Media file,player #1:C:/Users/winth/OneDrive - UCB-O365/Desktop/Neuropixels Videos/7744_SSintro_Jan27.mp4,3935.2,4096.583,60,No focal subject,1395.025,sleeping,Not defined,,STATE,3840.217,3866.767,26.55,C:/Users/winth/OneDrive - UCB-O365/Desktop/Neuropixels Videos/7744_SSintro_Jan27.mp4,230412,232005,,,,,230414,232007,9610065,9676438
7744_SSIntro,42:51.3,,Media file,player #1:C:/Users/winth/OneDrive - UCB-O365/Desktop/Neuropixels Videos/7744_SSintro_Jan27.mp4,3935.2,4096.583,60,No focal subject,1395.025,sleeping,Not defined,,STATE,3890.083,3898.817,8.734,C:/Users/winth/OneDrive - UCB-O365/Desktop/Neuropixels Videos/7744_SSintro_Jan27.mp4,233405,233928,,,,,233407,233930,9734770,9756561
7744_SSIntro,42:51.3,,Media file,player #1:C:/Users/winth/OneDrive - UCB-O365/Desktop/Neuropixels Videos/7744_SSintro_Jan27.mp4,3935.2,4096.583,60,No focal subject,1395.025,sleeping,Not defined,,STATE,3902.083,3925.55,23.467,C:/Users/winth/OneDrive - UCB-O365/Desktop/Neuropixels Videos/7744_SSintro_Jan27.mp4,234124,235532,,,,,234126,235534,9764728,9823393
7744_SSIntro,42:51.3,,Media file,player #1:C:/Users/winth/OneDrive - UCB-O365/Desktop/Neuropixels Videos/7744_SSintro_Jan27.mp4,3935.2,4096.583,60,No focal subject,1395.025,sleeping,Not defined,rest end ,STATE,3933.817,3935.2,1.383,C:/Users/winth/OneDrive - UCB-O365/Desktop/Neuropixels Videos/7744_SSintro_Jan27.mp4,236028,236111,,,,,236030,236113,9844059,9847517
