Start,Peak,Stop,Trough,Max_Envelope_Amp,Duration_s,Peak_Freq,awake_state,sleep_state
576.7965944258184,576.816194432425,576.8821944546722,576.8153944321555,12.418010711669922,0.08560002885394231,140.18686863383385,True,awake
577.533394674178,577.5637946844251,577.5989946962903,577.5885946927847,7.171183109283447,0.065600022112367,137.1950757056728,True,awake
577.7965947628971,577.8241947722005,577.8605947844701,577.8257947727398,5.97493314743042,0.06400002157304098,156.24994733146067,True,awake
592.4565997044718,592.4825997132359,592.4921997164718,592.4853997141797,7.631558418273926,0.035600012000004046,168.53926903168792,True,awake
594.0050002264046,594.0362002369214,594.044200239618,594.0354002366518,5.033476829528809,0.0392000132134876,153.06117289612473,True,awake
598.2562016593938,598.2822016681579,598.315001679214,598.2822016681579,7.575346946716309,0.0588000198202314,170.06796988458305,False,sleep
601.2774026777762,601.2906026822257,601.2974026845178,601.2794026784503,3.2486679553985596,0.020000006741575305,149.99994943820224,True,awake
601.8870028832594,601.9122028917537,601.9178028936415,601.9110028913493,3.9782726764678955,0.030800010382025973,129.8700860936816,True,awake
603.1442033070348,603.1546033105404,603.1750033174169,603.1530033100012,6.614498138427734,0.030800010382025973,194.8051291405224,True,awake
607.4354047535072,607.4538047597094,607.4618047624061,607.4546047599791,4.646487712860107,0.026400008898879404,113.63632533197139,True,awake
607.5122047793949,607.5318047860017,607.5386047882937,607.5338047866758,4.224903106689453,0.026400008898879404,189.39387555328565,True,awake
608.2722050355748,608.2922050423163,608.3226050525635,608.2946050431253,10.441814422607422,0.05040001698876977,138.8888420724095,True,awake
608.4358050907208,608.4450050938219,608.466205100968,608.4458050940916,4.0297346115112305,0.030400010247194464,197.36835452395033,True,awake
609.4462054313052,609.4646054375074,609.470205439395,609.4626054368333,3.958998203277588,0.024000008089890366,166.6666104868914,True,awake
614.4902071315305,614.501007135171,614.5190071412384,614.4994071346316,8.910344123840332,0.028800009707868442,173.61105259051186,False,sleep
616.6598078628566,616.6738078675756,616.685007871351,616.675407868115,8.270097732543945,0.025200008494384887,158.73010522561083,False,sleep
616.9942079755757,617.0086079804297,617.0214079847443,617.0066079797555,9.49327564239502,0.027200009168542417,147.0587739590218,False,sleep
621.1166093651492,621.1390093726998,621.1678093824077,621.1366093718908,16.05638885498047,0.05120001725843278,175.78119074789325,False,sleep
625.9334109887902,625.9522109951273,625.9630109987678,625.9514109948576,7.807397365570068,0.02960000997753145,168.91886197995748,False,sleep
626.1030110459587,626.1242110531049,626.1674110676666,626.1134110494644,7.005856037139893,0.06440002170787248,139.75150568776607,False,sleep
626.8426112952623,626.8554112995769,626.8990113142735,626.8570113001161,10.204947471618652,0.056400019011242364,159.57441429595985,False,sleep
628.9926120199816,629.0042120238917,629.0210120295546,629.0066120247006,4.704810619354248,0.028400009573036934,140.8450229466688,False,sleep
629.7570122776445,629.7778122846559,629.784612286948,629.7782122847907,4.332266807556152,0.02760000930337392,108.69561553492917,False,sleep
630.0442123744537,630.0546123779592,630.0746123847008,630.0598123797121,6.239328384399414,0.030400010247194464,131.5789030159669,False,sleep
630.3290124704537,630.33781247342,630.3606124811054,630.3506124777346,6.966907501220703,0.031600010651688985,126.5822358128289,False,sleep
630.7926126267233,630.803012630229,630.8426126435772,630.8042126306335,5.545141220092773,0.05000001685393827,199.9999325842697,False,sleep
632.0642130553528,632.0722130580493,632.0882130634426,632.0734130584539,3.6530535221099854,0.024000008089890366,124.99995786516854,False,sleep
632.1838130956673,632.1910130980943,632.2094131042966,632.2022131018696,4.129498481750488,0.02560000862921639,156.24994733146067,False,sleep
632.4950132005663,632.5030132032629,632.5338132136449,632.5030132032629,5.74022102355957,0.0388000130786561,128.86593594347272,False,sleep
636.8706146754881,636.8818146792634,636.8966146842521,636.8790146783195,8.860236167907715,0.0260000087640479,153.84610198789974,False,sleep
639.9342157081626,639.942615710994,639.9542157149042,639.9410157104547,4.804812431335449,0.020000006741575305,149.99994943820224,False,sleep
644.3018171803878,644.3258171884777,644.346617195489,644.3278171891519,7.86752462387085,0.04480001510112869,156.24994733146067,False,sleep
644.6358172929721,644.6538172990396,644.6626173020059,644.655017299444,5.900379657745361,0.02680000903371091,149.25368103303708,False,sleep
648.016618432568,648.0350184387703,648.1206184676242,648.0510184441636,13.46695613861084,0.1040000350561916,144.23072061365602,False,sleep
648.944618745377,648.9774187564333,648.9850187589951,648.959018750231,3.2208614349365234,0.040400013617982115,123.76233451996885,False,sleep
649.1214188049727,649.130218807939,649.1422188119839,649.1274188069951,5.076475143432617,0.020800007011238318,144.230720613656,False,sleep
649.2894188616019,649.3030188661861,649.3518188826356,649.3018188657817,7.723374366760254,0.062400021033714954,144.23072061365602,False,sleep
650.0506191181862,650.0698191246581,650.081819128703,650.0714191251975,9.722258567810059,0.031200010516857477,128.20508498991646,False,sleep
650.3570192214671,650.3678192251076,650.4134192404784,650.3650192241638,7.17000675201416,0.056400019011242364,159.57441429595985,False,sleep
652.7598200314,652.7690200345012,652.785820040164,652.771820035445,5.55271053314209,0.0260000087640479,115.38457649092481,True,awake
655.5710209789959,655.6362210009734,655.6690210120296,655.6390210019172,5.7077836990356445,0.098000033033719,153.06117289612473,False,sleep
655.8354210681194,655.8550210747262,655.8782210825465,655.8402210697375,4.654510498046875,0.04280001442697116,140.18686863383385,False,sleep
656.190221187715,656.2170211967488,656.2346212026813,656.2178211970183,8.307862281799316,0.04440001496629718,135.135089583966,False,sleep
656.339821238142,656.373021249333,656.3926212559397,656.3738212496027,12.6512451171875,0.05280001779775881,132.57571288729997,False,sleep
660.3250225814683,660.3430225875358,660.3658225952211,660.3450225882099,8.689003944396973,0.04080001375281363,147.0587739590218,True,awake
660.724622716165,660.7330227189964,660.7498227246593,660.7326227188615,5.392995834350586,0.025200008494384887,158.73010522561083,True,awake
661.609823014547,661.6182230173786,661.6394230245246,661.6178230172437,5.392664909362793,0.02960000997753145,168.91886197995748,True,awake
661.9122231164797,661.9206231193111,661.9362231245696,661.9226231199854,5.548318386077881,0.024000008089890366,124.99995786516854,True,awake
663.8802237798507,663.8910237834912,663.9114237903676,663.8906237833563,6.1245903968811035,0.031200010516857477,128.20508498991646,True,awake
673.4690270120316,673.4866270179641,673.4926270199867,673.4858270176945,3.677777051925659,0.02360000795505886,127.11860121881547,False,sleep
674.1602272450205,674.2022272591777,674.2146272633576,674.2038272597171,6.6891865730285645,0.054400018337084834,165.44112070389954,False,sleep
677.4638283585938,677.4758283626388,677.4898283673579,677.4750283623691,15.817357063293457,0.0260000087640479,153.84610198789974,False,sleep
677.6218284118522,677.6282284140095,677.6790284311331,677.6310284149534,3.4212698936462402,0.05720001928090537,139.8600927162725,False,sleep
678.9966288752681,679.0526288941446,679.0722289007513,679.0030288774254,8.334729194641113,0.07560002548315466,132.27508768800905,False,sleep
679.5658290671333,679.5854290737401,679.6018290792682,679.578629071448,13.277338027954102,0.03600001213483555,138.8888420724095,False,sleep
680.1182292533357,680.1346292588638,680.1514292645268,680.1322292580548,9.469030380249023,0.03320001119101501,150.60235887369703,False,sleep
680.4838293765717,680.495029380347,680.521029389111,680.4966293808864,6.517821311950684,0.03720001253933007,161.2902682131207,False,sleep
680.5986294152683,680.6142294205267,680.6334294269986,680.6142294205267,7.095327854156494,0.03480001173034103,143.67811248869947,False,sleep
680.9226295244819,680.9494295335156,680.9618295376954,680.9522295344594,8.953176498413086,0.0392000132134876,127.5509774134373,False,sleep
682.5070300585495,682.5254300647517,682.5338300675832,682.5258300648866,4.6028733253479,0.02680000903371091,149.25368103303708,True,awake
683.9910305587744,684.0022305625496,684.0210305688867,684.0042305632238,11.88570785522461,0.03000001011236296,133.33328838951311,True,awake
688.1942319755838,688.2210319846175,688.2462319931119,688.217431983404,3.69586181640625,0.0520000175280958,153.84610198789974,False,sleep
688.7510321632693,688.8010321801232,688.8114321836288,688.8014321802581,4.8900346755981445,0.060400020359557424,149.0065722896049,False,sleep
688.9102322169322,688.9218322208424,688.9402322270446,688.9182322196289,11.72643756866455,0.03000001011236296,166.6666104868914,False,sleep
690.6150327915841,690.6474328025055,690.7026328211122,690.6778328127526,6.812582015991211,0.08760002952809984,182.648340259607,False,sleep
692.5762334526629,692.5934334584607,692.6050334623708,692.5938334585956,7.234951019287109,0.028800009707868442,138.8888420724095,False,sleep
694.9330342470902,694.9422342501913,694.9546342543711,694.9382342488431,6.0025315284729,0.02160000728090133,138.8888420724095,False,sleep
697.4186350849332,697.435835090731,697.4698351021916,697.4586350984164,7.144651889801025,0.05120001725843278,175.78119074789325,False,sleep
697.8762352391805,697.8970352461916,697.9030352482141,697.9002352472703,3.343630075454712,0.02680000903371091,111.94026077477781,False,sleep
702.1362366751359,702.1626366840349,702.2042366980573,702.1622366839,7.061423301696777,0.06800002292135604,117.64701916721745,True,awake
702.5726368222371,702.6082368342371,702.6166368370685,702.6110368351809,5.208197593688965,0.04400001483146567,204.54538559754855,True,awake
702.8250369073158,702.8450369140573,702.8622369198551,702.8450369140573,8.519759178161621,0.03720001253933007,161.2902682131207,True,awake
704.0774373294732,704.09703733608,704.1094373402598,704.0958373356755,6.298679351806641,0.03200001078652049,124.99995786516854,True,awake
705.6166378483049,705.6310378531588,705.6538378608442,705.628237852215,9.664397239685059,0.03720001253933007,134.40855684426725,True,awake
705.9170379495633,705.9446379588667,705.9554379625072,705.9478379599453,7.8231635093688965,0.038400012943824585,156.24994733146067,True,awake
708.2878387487096,708.3006387530243,708.3110387565299,708.2986387523501,12.149393081665039,0.023200007820227356,129.31030123982953,False,sleep
711.8778399588225,711.8890399625977,711.900239966373,711.8926399638112,4.397379398345947,0.022400007550564344,133.92852628410915,False,sleep
714.2098407448901,714.2266407505531,714.2394407548677,714.2142407463733,3.925097703933716,0.02960000997753145,135.135089583966,False,sleep
717.7670419439468,717.7790419479917,717.8170419608007,717.7822419490703,10.298237800598145,0.05000001685393827,159.99994606741575,False,sleep
718.9150423309131,718.9490423423738,718.9638423473626,718.94624234143,10.653202056884766,0.04880001644944375,143.44257459937376,False,sleep
1621.286946501218,1621.296146504319,1621.3213465128135,1621.2957465041843,6.268764495849609,0.034400011595509525,145.34878821531225,True,awake
1622.397746875645,1622.4085468792855,1622.4325468873753,1622.4085468792855,7.6845879554748535,0.03480001173034103,143.67811248869947,True,awake
1622.9537470630607,1622.9769470708811,1622.9853470737125,1622.9777470711506,5.865928649902344,0.031600010651688985,158.2277947660361,True,awake
1623.4433472280946,1623.4529472313304,1623.4761472391508,1623.449747230252,6.37511682510376,0.0328000110561835,121.95117840504248,True,awake
2942.1361917313006,2942.158191738716,2942.1633917404693,2942.1573917384467,3.613203287124634,0.027200009168542417,147.0587739590218,True,awake
2942.454991838761,2942.462591841323,2942.476591846042,2942.463391841593,4.425525665283203,0.02160000728090133,185.18512276321266,True,awake
2955.146196116695,2955.177796127347,2955.1869961304483,2955.178596127617,8.27925968170166,0.04080001375281363,171.56856961885876,True,awake
2955.6685962927854,2955.683396297774,2955.690196300066,2955.68059629683,4.220123291015625,0.02160000728090133,138.8888420724095,True,awake
2955.880596364246,2955.8917963680215,2955.9305963811,2955.9261963796166,3.8535232543945312,0.05000001685393827,159.99994606741575,True,awake
2958.5081972499543,2958.534997258988,2958.548997263707,2958.5309972576397,7.410251140594482,0.04080001375281363,147.0587739590218,True,awake
2959.472997575168,2959.494197582314,2959.5057975862237,2959.496597583123,5.399429798126221,0.0328000110561835,152.43897300630312,True,awake
2962.5285986051454,2962.546998611348,2962.5613986162016,2962.549398612157,7.521805763244629,0.0328000110561835,152.43897300630312,True,awake
2962.7417986770106,2962.753398680921,2962.765398684966,2962.753398680921,4.39242696762085,0.02360000795505886,127.11860121881547,True,awake
2962.9817987579095,2963.016998769775,2963.0433987786737,2963.016198769505,9.771913528442383,0.061600020764051945,129.8700860936816,True,awake
2963.501398933056,2963.534198944112,2963.546198948157,2963.5093989357524,6.917673587799072,0.04480001510112869,178.5713683788122,True,awake
2964.766599359528,2964.7761993627637,2964.834599382449,2964.775799362629,4.092421531677246,0.06800002292135604,147.0587739590218,True,awake
2965.4873996024944,2965.495399605191,2965.524199614899,2965.4965996055953,5.583317279815674,0.03680001240449857,108.69561553492917,True,awake
2968.0690004726966,2968.082200477146,2968.1222004906294,2968.08500047809,6.129552841186523,0.05320001793259031,131.5789030159669,True,awake
2968.5922006490564,2968.5998006516184,2968.6282006611914,2968.5958006502697,5.077703475952148,0.03600001213483555,166.6666104868914,True,awake
2969.490200951753,2969.506600957281,2969.514200959843,2969.5058009570116,6.494062900543213,0.024000008089890366,208.33326310861423,True,awake
2970.32780123409,2970.34020123827,2970.349801241506,2970.342601239079,8.725728034973145,0.022000007415732836,136.3635903983657,True,awake
2977.270603574361,2977.2906035811025,2977.299003583934,2977.292203581642,7.2544379234313965,0.028400009573036934,176.056278683336,True,awake
2979.5718043500465,2979.584204354226,2979.622204367035,2979.586604355035,5.640554904937744,0.05040001698876977,138.8888420724095,True,awake
2981.6590050535974,2981.6754050591253,2981.730605077732,2981.671805057912,13.89797306060791,0.0716000241348396,139.66475739124976,True,awake
2982.595005369103,2982.6034053719345,2982.6346053824514,2982.6034053719345,5.828366756439209,0.039600013348319106,176.76761718306662,True,awake
2982.8970054709007,2982.9318054826313,2982.98220549962,2982.947805488024,4.275984764099121,0.08520002871911081,211.2675344200032,True,awake
2983.8898058055524,2983.900205809058,2983.912605813238,2983.900605809193,8.272801399230957,0.02280000768539585,175.43853735462253,True,awake
2989.681807757913,2989.7126077682947,2989.7194077705867,2989.7130077684296,3.858792304992676,0.037600012674161576,159.57441429595985,True,awake
2989.958607851216,2990.0006078653732,2990.03180787589,2989.9978078644294,12.429802894592285,0.07320002467416561,163.93437097071285,True,awake
2990.8794081615983,2990.892208165913,2990.923008176295,2990.920608175486,3.3094937801361084,0.043600014696634166,137.61463251211217,True,awake
2991.0310082126994,2991.048608218632,2991.064608224025,2991.0502082191715,10.065974235534668,0.033600011325846516,148.80947364901016,True,awake
2991.7854084669916,2991.81260847616,2991.817808477913,2991.8142084766996,3.415567398071289,0.032400010921351995,154.32093563601055,True,awake
2993.477809037464,2993.4894090413736,2993.5018090455537,2993.488209040969,5.804996013641357,0.024000008089890366,124.99995786516854,True,awake
2993.7822091400703,2993.819009152475,2993.8722091704076,2993.8186091523403,5.247016429901123,0.09000003033708888,144.44439575530586,True,awake
2994.5346093936887,2994.5438093967896,2994.5582094016436,2994.541009395846,5.590688705444336,0.02360000795505886,169.49146829175396,True,awake
2996.9802102180483,2997.0226102323404,2997.031010235172,2997.0230102324754,5.587175369262695,0.05080001712360128,137.7952291427055,True,awake
2997.1514102757565,2997.1610102789923,2997.184610286947,2997.163010279666,3.197082996368408,0.03320001119101501,150.60235887369703,True,awake
2998.2094106323857,2998.246610644925,2998.2550106477565,2998.24621064479,6.931658744812012,0.0456000153707917,131.5789030159669,True,awake
2998.3526106806553,2998.362210683891,2998.372610687397,2998.3646106847004,4.861480712890625,0.020000006741575305,149.99994943820224,True,awake
2998.479410723397,2998.4902107270373,2998.499810730273,2998.490610727172,7.350361347198486,0.020400006876406813,147.0587739590218,True,awake
3000.705811473869,3000.741411485869,3000.7586114916667,3000.741811486004,12.070418357849121,0.05280001779775881,151.51510044262852,True,awake
3003.3902123787234,3003.40981238533,3003.4442123969256,3003.40901238506,11.517436981201172,0.05400001820225333,129.62958593424887,True,awake
3003.8886125467234,3003.918212556701,3003.927412559802,3003.9210125576446,9.066977500915527,0.0388000130786561,154.63912313216727,True,awake
3005.6430131380944,3005.669413146993,3005.681413151038,3005.673013148207,11.093722343444824,0.038400012943824585,156.24994733146067,True,awake
3006.7870135237126,3006.80501352978,3006.8290135378697,3006.8074135305887,6.389845848083496,0.04200001415730814,119.04757891920815,True,awake
3006.951813579263,3007.0118135994876,3007.020613602454,3007.011413599353,8.529574394226074,0.06880002319101905,116.27903057224981,True,awake
3007.2522136805214,3007.2642136845666,3007.272613687398,3007.2670136855104,5.621542453765869,0.020400006876406813,147.0587739590218,True,awake
3007.4938137619597,3007.5210137711283,3007.538213776926,3007.5206137709934,4.348586559295654,0.04440001496629718,135.135089583966,True,awake
3007.982213926589,3007.9946139307685,3008.0062139346787,3007.997013931578,6.864808082580566,0.024000008089890366,124.99995786516854,True,awake
3009.304614372342,3009.3246143790834,3009.3326143817803,3009.3250143792184,8.618746757507324,0.02800000943820543,142.85709470304977,True,awake
3012.518615455713,3012.5294154593535,3012.581415476882,3012.5270154585446,4.4273762702941895,0.06280002116854647,159.23561511486437,True,awake
3013.7990158873085,3013.8110158913537,3013.81901589405,3013.80741589014,4.3350629806518555,0.020000006741575305,149.99994943820224,True,awake
3015.082216319848,3015.111016329556,3015.1242163340057,3015.109016328882,11.25756549835205,0.04200001415730814,166.66661048689141,True,awake
3016.0458166446574,3016.0570166484326,3016.075416654635,3016.058216648837,9.233512878417969,0.02960000997753145,135.135089583966,True,awake
3018.358617424253,3018.3770174304555,3018.3886174343656,3018.3830174324776,4.160402297973633,0.03000001011236296,133.33328838951311,True,awake
3018.8402175865904,3018.853017590905,3018.885817601961,3018.8542175913094,5.070635795593262,0.0456000153707917,175.43853735462253,True,awake
3021.1998183819614,3021.271018405961,3021.2774184081186,3021.2706184058266,4.834206581115723,0.0776000261573122,180.41231032086182,True,awake
3021.953418635984,3021.9662186402984,3021.979418644748,3021.964218639624,13.36392879486084,0.0260000087640479,153.84610198789974,True,awake
3025.1114197004786,3025.1182197027706,3025.1450197118043,3025.1206197035795,4.284789085388184,0.033600011325846516,148.80947364901016,True,awake
3025.760219919175,3025.7686199220066,3025.792219929962,3025.7654199209283,5.361086845397949,0.03200001078652049,124.99995786516854,True,awake
3027.047820353198,3027.0778203633104,3027.0842203654674,3027.057020356299,3.4708940982818604,0.036400012269667055,137.3625910606248,True,awake
3028.0462206897373,3028.056620693243,3028.0670206967484,3028.059420694187,6.180911540985107,0.020800007011238318,144.230720613656,True,awake
3029.3494211290185,3029.3686211354902,3029.4202211528836,3029.3678211352208,9.111477851867676,0.07080002386517659,141.24289024312827,True,awake
3029.5558211985913,3029.578221206142,3029.587421209243,3029.576221205468,7.940448760986328,0.031600010651688985,158.2277947660361,True,awake
3029.763021268434,3029.789021277198,3029.7970212798946,3029.7882212769287,5.890685558319092,0.03400001146067802,147.0587739590218,True,awake
3031.734221932884,3031.7678219442096,3031.7774219474454,3031.7678219442096,9.978178024291992,0.04320001456180266,162.0369824178111,True,awake
3032.1626220772882,3032.201822090502,3032.222622097513,3032.1666220786365,3.8295345306396484,0.06000002022472592,166.6666104868914,True,awake
3033.4234225022774,3033.446222509963,3033.4694225177827,3033.445822509828,4.482830047607422,0.0460000155056232,130.434738641915,True,awake
3036.2994234717157,3036.3090234749516,3036.3734234966596,3036.344223486817,6.576550006866455,0.07400002494382864,162.16210750075916,True,awake
3037.8090239805697,3037.8302239877157,3037.8378239902777,3037.827823986907,4.660332202911377,0.028800009707868442,173.61105259051186,True,awake
3038.5034242146376,3038.515824218817,3038.5238242215137,3038.513824218143,5.042986869812012,0.020400006876406813,147.0587739590218,True,awake
3039.877024677649,3039.893424683177,3039.9058246873565,3039.8918246826374,12.252211570739746,0.028800009707868442,138.8888420724095,True,awake
3042.8758256884807,3042.8906256934692,3042.9134257011547,3042.894225694683,8.972700119018555,0.037600012674161576,132.97867857996653,True,awake
3043.2846258262784,3043.3030258324807,3043.3102258349077,3043.3018258320762,4.7262067794799805,0.02560000862921639,117.1874604985955,True,awake
3043.3902258618737,3043.3982258645706,3043.420225871986,3043.39902586484,4.074859619140625,0.03000001011236296,133.33328838951311,True,awake
3043.5782259252446,3043.591425929694,3043.600625932795,3043.5958259311774,7.610456943511963,0.022400007550564344,133.92852628410915,True,awake
3044.411426206099,3044.435026214054,3044.4782262286158,3044.4338262136494,3.860517978668213,0.06680002251686153,134.73049350736727,True,awake
3045.669026630009,3045.6818266343234,3045.7010266407956,3045.681426634189,10.666805267333984,0.03200001078652049,156.24994733146067,True,awake
3047.81502735338,3047.820627355268,3047.841027362144,3047.8226273559417,3.706364870071411,0.0260000087640479,115.38457649092481,True,awake
3048.095427447897,3048.1154274546384,3048.1226274570654,3048.1158274547734,5.667455196380615,0.027200009168542417,147.0587739590218,True,awake
3049.2762278459195,3049.29862785347,3049.3086278568408,3049.3022278546837,8.411933898925781,0.032400010921351995,154.32093563601055,True,awake
3056.2510301969764,3056.2658302019654,3056.299430213291,3056.263430201156,4.518914699554443,0.04840001631461224,123.9669003621506,True,awake
3056.555830299718,3056.5910303115834,3056.600630314819,3056.591830311853,8.616056442260742,0.04480001510112869,200.89278942616372,True,awake
3057.277430542954,3057.2842305452464,3057.339430563853,3057.3090305536057,3.480020761489868,0.06200002089888345,145.16124139180863,True,awake
3057.8030307201225,3057.8134307236282,3057.8246307274035,3057.814230723898,5.299446105957031,0.02160000728090133,138.8888420724095,True,awake
3058.0646308083024,3058.0738308114037,3058.1018308208418,3058.0742308115387,4.56534481048584,0.03720001253933007,134.40855684426725,True,awake
3059.5478313082576,3059.5718313163475,3059.5834313202577,3059.573031316752,8.304649353027344,0.035600012000004046,140.44939085973994,False,sleep
3060.2294315380104,3060.2390315412467,3060.2506315451565,3060.2394315413812,5.150460243225098,0.021200007146069823,141.50938626245494,False,sleep
3060.642231677157,3060.662631684033,3060.6718316871343,3060.663431684303,7.441334247589111,0.02960000997753145,168.91886197995748,False,sleep
3061.3882319286176,3061.431831943314,3061.451431949921,3061.431431943179,3.994673728942871,0.06320002130337797,142.4050152894325,True,awake
3062.255032220797,3062.2738322271343,3062.2818322298313,3062.272232226595,4.765917778015137,0.02680000903371091,186.56710129129635,True,awake
3062.6002323371567,3062.6078323397187,3062.6222323445727,3062.605832339045,6.3686747550964355,0.022000007415732836,136.3635903983657,True,awake
3063.6250326825952,3063.6402326877187,3063.6534326921683,3063.6370326866404,8.91044807434082,0.028400009573036934,140.8450229466688,True,awake
3064.9302331225504,3064.9422331265955,3064.9562331313145,3064.9426331267305,9.933395385742188,0.0260000087640479,153.84610198789974,False,sleep
3066.7006337193147,3066.7222337265957,3066.7350337309103,3066.7250337275395,5.538381576538086,0.034400011595509525,145.34878821531225,False,sleep
3075.4186366579675,3075.4302366618776,3075.4466366674055,3075.431036662147,4.761155605316162,0.02800000943820543,142.85709470304977,True,awake
3076.438237001653,3076.4478370048887,3076.4682370117653,3076.4446370038104,8.156188011169434,0.03000001011236296,133.33328838951311,True,awake
3076.591837053428,3076.605037057878,3076.6126370604393,3076.606237058282,5.026545524597168,0.020800007011238318,144.230720613656,True,awake
3080.399838337024,3080.4126383413386,3080.447038352934,3080.4126383413386,7.8240790367126465,0.04720001591011772,148.3050347552847,True,awake
3080.7574384575637,3080.7834384663274,3080.79023846862,3080.7834384663274,4.894911766052246,0.0328000110561835,152.43897300630312,True,awake
3081.2818386343274,3081.3006386406646,3081.3102386439004,3081.299838640395,6.175763130187988,0.028400009573036934,140.8450229466688,True,awake
3081.9554388613838,3081.978238869069,3081.987838872305,3081.9754388681254,3.841447114944458,0.032400010921351995,154.32093563601055,True,awake
3082.777439138463,3082.7894391425075,3082.8006391462827,3082.7898391426424,3.163595199584961,0.023200007820227356,129.31030123982953,True,awake
3084.578639745609,3084.587439748575,3084.6106397563954,3084.584639747631,6.253002643585205,0.03200001078652049,156.24994733146067,True,awake
3382.3783401275305,3382.3919401321145,3382.4327401458672,3382.4183401410137,6.748098850250244,0.054400018337084834,165.44112070389954,True,awake
3382.7787402624967,3382.804740271261,3382.8199402763844,3382.806740271935,4.147220611572266,0.04120001388764513,145.631018872041,True,awake
3383.4423404861823,3383.4723404962947,3383.4787404984518,3383.469540495351,4.922969341278076,0.036400012269667055,192.3076274848747,True,awake
3386.992341682812,3387.0051416871265,3387.0667417078903,3387.006341687531,8.442756652832031,0.07440002507866014,134.40855684426725,True,awake
3387.4783418466322,3387.501941854587,3387.54274186834,3387.502341854722,7.187865257263184,0.06440002170787248,170.807395840603,True,awake
3393.7559439626775,3393.769943967397,3393.791143974543,3393.769143967127,7.308671474456787,0.03520001186517254,142.04540666496425,True,awake
3394.1887441085655,3394.199544112206,3394.2359441244757,3394.1959441109925,10.249170303344727,0.04720001591011772,148.3050347552847,True,awake
4389.75067969124,4389.768279697173,4389.780279701218,4389.767879697038,9.36764144897461,0.02960000997753145,135.135089583966,True,awake
4390.879480071735,4390.893080076319,4390.90148007915,4390.894680076858,7.020885467529297,0.022000007415732836,136.3635903983657,True,awake
4392.317480556454,4392.336280562791,4392.350280567511,4392.333080561712,10.95832633972168,0.0328000110561835,152.43897300630312,True,awake
4392.788680715285,4392.799480718926,4392.881880746701,4392.796680717982,15.8324556350708,0.09320003141574093,150.2145416405459,True,awake
4392.933480764094,4392.961080773398,4392.972280777173,4392.963080774072,8.290546417236328,0.0388000130786561,154.63912313216727,True,awake
4397.279882229173,4397.288282232005,4397.3846822645,4397.28948223241,5.979591369628906,0.1048000353258546,143.1297227463762,True,awake
4398.150682522702,4398.1678825285,4398.182282533354,4398.168282528634,10.962608337402344,0.031600010651688985,126.5822358128289,True,awake
4399.1838828709715,4399.1906828732635,4399.209082879466,4399.187482872185,4.346325874328613,0.025200008494384887,119.04757891920812,True,awake
4401.917883792545,4401.935083798343,4401.949883803331,4401.934283798073,4.071780681610107,0.03200001078652049,156.24994733146067,True,awake
4402.342683935736,4402.3734839461185,4402.386283950433,4402.374683946523,12.397340774536133,0.043600014696634166,114.67886042676014,True,awake
4402.785484084995,4402.798284089309,4402.8518841073765,4402.796284088635,12.025422096252441,0.06640002238203002,150.60235887369703,True,awake
4403.275884250298,4403.302684259332,4403.314684263377,4403.300684258657,4.847956657409668,0.0388000130786561,128.86593594347272,True,awake
4403.906684462927,4403.937084473175,4403.955884479512,4403.930284470883,4.875517845153809,0.04920001658427525,121.95117840504247,True,awake
4411.989087187333,4411.999887190973,4412.0190871974455,4412.001887191647,6.837631702423096,0.03000001011236296,133.33328838951311,True,awake
4412.095887223333,4412.108687227647,4412.121087231827,4412.107087227108,12.267692565917969,0.025200008494384887,158.73010522561083,True,awake
4412.180687251917,4412.197887257715,4412.207487260951,4412.194687256636,4.444314956665039,0.02680000903371091,149.25368103303708,True,awake
4431.4618937512005,4431.490693760908,4431.503493765223,4431.491093761043,4.272807598114014,0.041600014022476636,144.230720613656,True,awake
4432.289494030167,4432.306694035964,4432.323894041762,4432.3062940358295,3.363236427307129,0.034400011595509525,116.27903057224981,True,awake
4433.057094288908,4433.065894291874,4433.082694297537,4433.067894292549,5.197915554046631,0.02560000862921639,117.1874604985955,True,awake
4433.152294320998,4433.161894324234,4433.181894330975,4433.163094324638,6.547328948974609,0.02960000997753145,168.91886197995748,True,awake
4433.206694339335,4433.227894346482,4433.233094348234,4433.210694340683,3.624697208404541,0.026400008898879404,151.51510044262852,True,awake
4433.873494564099,4433.888694569223,4433.9170945787955,4433.892294570436,6.80173397064209,0.043600014696634166,137.61463251211217,True,awake
4434.181094667785,4434.209094677223,4434.222694681807,4434.206294676279,6.758978366851807,0.041600014022476636,120.19226717804668,True,awake
4434.355094726437,4434.363494729268,4434.387894737492,4434.364694729672,5.199350833892822,0.0328000110561835,182.92676760756373,True,awake
4435.752295197402,4435.7650952017175,4435.796695212369,4435.763895201313,7.24193000793457,0.04440001496629718,112.612574653305,True,awake
4435.842695227875,4435.8670952361,4435.87869524001,4435.868695236639,10.857246398925781,0.03600001213483555,138.8888420724095,True,awake
4607.133152966231,4607.21995299549,4607.22995299886,4607.216752994411,7.440365791320801,0.09680003262922449,165.28920048286747,True,awake
4610.771954192794,4610.802754203176,4610.809554205468,4610.801954202906,5.879485130310059,0.037600012674161576,159.57441429595985,False,sleep
4617.215956364929,4617.224756367896,4617.23755637221,4617.2259563683,5.001543045043945,0.02160000728090133,138.8888420724095,True,awake
4622.625958188525,4622.633558191087,4622.651958197289,4622.633558191087,5.313603401184082,0.0260000087640479,153.84610198789974,True,awake
4622.832358258098,4622.846758262952,4622.885158275896,4622.845958262683,5.861977577209473,0.05280001779775881,151.51510044262852,True,awake
4623.773558575357,4623.779958577514,4623.800758584525,4623.793958582233,4.027141094207764,0.027200009168542417,147.0587739590218,True,awake
4624.501158820615,4624.509958823582,4624.529958830323,4624.510358823716,6.370532512664795,0.028800009707868442,138.8888420724095,True,awake
4628.321160108256,4628.3319601118965,4628.372360125514,4628.333160112301,13.988395690917969,0.05120001725843278,117.1874604985955,False,sleep
4628.806360271807,4628.816760275313,4628.832760280706,4628.816360275177,9.127964973449707,0.026400008898879404,151.51510044262852,False,sleep
4635.007162361965,4635.0159623649315,4635.050762376662,4635.011962363583,6.3053412437438965,0.043600014696634166,137.61463251211217,False,sleep
4636.711562936482,4636.731162943089,4636.74116294646,4636.729962942684,6.251290321350098,0.02960000997753145,135.135089583966,True,awake
4637.120363074279,4637.210363104617,4637.220363107987,4637.213563105695,8.217182159423828,0.10000003370787654,149.99994943820226,True,awake
4637.6083632387745,4637.615563241201,4637.649163252527,4637.613563240527,6.472060680389404,0.04080001375281363,147.0587739590218,True,awake
4638.991163704886,4639.006763710145,4639.01796371392,4639.007963710549,3.4007341861724854,0.02680000903371091,149.25368103303708,False,sleep
4639.305963810999,4639.317963815044,4639.361163829606,4639.349963825831,3.852508068084717,0.05520001860674784,163.04342330239376,False,sleep
4639.537163888932,4639.5435638910885,4639.573163901066,4639.561163897021,3.6837406158447266,0.03600001213483555,111.11107365792759,False,sleep
4639.953564029292,4639.967964034146,4639.982364039,4639.969964034819,6.776392459869385,0.028800009707868442,138.8888420724095,False,sleep
4641.032764393067,4641.038764395089,4641.055164400617,4641.050764399134,3.1580023765563965,0.022400007550564344,133.92852628410915,False,sleep
4648.326366851585,4648.355166861292,4648.366366865068,4648.332366853607,4.187488079071045,0.04000001348315061,124.99995786516854,True,awake
4648.495966908753,4648.501566910641,4648.5311669206185,4648.503966911449,4.062486171722412,0.03520001186517254,142.04540666496425,True,awake
4651.999968089877,4652.02836809945,4652.045168105113,4652.025968098641,7.7839460372924805,0.04520001523596019,154.86720443472208,True,awake
4652.232768168349,4652.25436817563,4652.287968186955,4652.255568176034,3.760607957839966,0.05520001860674784,163.04342330239376,True,awake
4660.463170942642,4660.475170946686,4660.5159709604395,4660.475970946956,10.88687801361084,0.05280001779775881,170.45448799795707,False,sleep
4660.82317106399,4660.8335710674955,4660.861171076799,4660.833171067361,8.474027633666992,0.03800001280899308,157.89468361916028,False,sleep
4662.48477162408,4662.516771634867,4662.52197163662,4662.517171635001,3.70676589012146,0.03720001253933007,134.40855684426725,True,awake
4664.046372150463,4664.058372154507,4664.081972162462,4664.058372154507,6.952484130859375,0.035600012000004046,140.44939085973994,True,awake
4664.970772462058,4664.979572465025,4664.994772470148,4664.977972464485,4.959876537322998,0.024000008089890366,124.99995786516854,True,awake
4667.082773173968,4667.104773181384,4667.116373185294,4667.107573182328,4.500799655914307,0.033600011325846516,119.04757891920814,True,awake
4668.237173563092,4668.249173567137,4668.259173570508,4668.251973568081,10.672342300415039,0.022000007415732836,136.3635903983657,True,awake
4669.041173834104,4669.069973843812,4669.076773846104,4669.069973843812,4.4941511154174805,0.035600012000004046,196.6291472036359,True,awake
4672.489574996486,4672.498774999587,4672.509575003228,4672.495974998643,4.7906107902526855,0.020000006741575305,149.99994943820224,True,awake
4672.817575107048,4672.829575111093,4672.839175114329,4672.828775110823,5.006051540374756,0.02160000728090133,185.18512276321266,True,awake
4673.257175255228,4673.274375261025,4673.283575264127,4673.276375261699,4.022317886352539,0.026400008898879404,151.51510044262852,True,awake
4673.549175353654,4673.560775357565,4673.6127753750925,4673.563975358644,10.533903121948242,0.06360002143820948,125.78612112218218,True,awake
4673.754375422824,4673.770775428351,4673.784375432935,4673.768775427677,4.55583381652832,0.03000001011236296,166.6666104868914,True,awake
4675.930776156441,4675.939176159273,4675.974376171138,4675.954776164532,6.46120023727417,0.043600014696634166,137.61463251211217,True,awake
4678.019576860532,4678.032376864846,4678.046376869565,4678.03357686525,11.027029991149902,0.02680000903371091,149.25368103303708,True,awake
4678.178376914059,4678.187576917161,4678.220376928217,4678.18997691797,6.926273822784424,0.04200001415730814,166.66661048689141,True,awake
4680.0815775555875,4680.097977561116,4680.120777568802,4680.108777564757,7.2318596839904785,0.0392000132134876,127.5509774134373,True,awake
4681.509578036937,4681.527578043004,4681.5323780446215,4681.515978039094,3.365438938140869,0.02280000768539585,131.5789030159669,True,awake
4681.696378099903,4681.701578101655,4681.742778115543,4681.701178101521,3.810271739959717,0.04640001564045471,172.41373498643938,True,awake
4682.215178274779,4682.255178288262,4682.261978290555,4682.237178282195,4.465977191925049,0.04680001577528622,170.9401133198886,True,awake
4682.416378342599,4682.4563783560825,4682.4611783577,4682.454778355544,3.48272705078125,0.04480001510112869,133.92852628410915,True,awake
4682.589578400982,4682.594378402599,4682.617178410284,4682.5935784023295,3.0120465755462646,0.02760000930337392,144.92748737990556,True,awake
4683.725978784038,4683.735578787274,4683.746778791049,4683.73277878633,4.262659549713135,0.020800007011238318,144.230720613656,False,sleep
4686.979979880892,4686.994779885881,4687.010779891274,4686.9899798842625,8.670453071594238,0.030800010382025973,129.8700860936816,True,awake
4688.227980301566,4688.239980305611,4688.249180308712,4688.241180306016,7.435098171234131,0.021200007146069823,141.50938626245494,True,awake
4688.965580550195,4689.000780562061,4689.042780576218,4689.004380563274,7.667576789855957,0.07720002602248068,116.58027158409502,False,sleep
4689.2715806533415,4689.282380656982,4689.292380660353,4689.279980656173,6.965651512145996,0.020800007011238318,144.230720613656,False,sleep
4690.335181011858,4690.3547810184655,4690.363581021432,4690.358381019679,3.8235819339752197,0.028400009573036934,176.056278683336,False,sleep
4691.4159813761735,4691.430781381162,4691.439981384264,4691.433981382241,6.3459672927856445,0.024000008089890366,124.99995786516854,False,sleep
4692.211981644488,4692.219181646915,4692.243981655275,4692.215181645567,4.554766654968262,0.03200001078652049,187.4999367977528,True,awake
4692.434781719589,4692.442381722151,4692.460781728353,4692.4399817213425,5.592342376708984,0.0260000087640479,153.84610198789974,True,awake
4694.501182416129,4694.522382423275,4694.58078244296,4694.52358242368,6.705890655517578,0.07960002683146972,138.19090819264864,True,awake
4694.837982529657,4694.850382533837,4694.857982536399,4694.841982531006,4.851815700531006,0.020000006741575305,149.99994943820224,True,awake
4699.552384118781,4699.569984124713,4699.6751841601745,4699.569184124444,11.188436508178711,0.12280004139327239,130.29311569007797,True,awake
4707.892786930153,4707.914386937434,4707.923586940535,4707.916786938243,5.730227947235107,0.030800010382025973,162.337607617102,True,awake
4708.231587044355,4708.236787046108,4708.261587054468,4708.238787046782,3.0955915451049805,0.03000001011236296,166.6666104868914,True,awake
4708.965987291906,4708.972787294198,4708.987187299052,4708.9735872944675,4.6922607421875,0.021200007146069823,141.50938626245494,True,awake
4709.503987473254,4709.51438747676,4709.523987479995,4709.515187477029,5.385435104370117,0.020000006741575305,149.99994943820224,True,awake
4710.163587695592,4710.1719876984225,4710.19078770476,4710.175187699501,5.01059627532959,0.027200009168542417,147.0587739590218,True,awake
4711.316388084176,4711.3407880924005,4711.347588094693,4711.344388093614,4.209692478179932,0.031200010516857477,128.20508498991646,True,awake
4714.823989266513,4714.860389278783,4714.923189299951,4714.859589278513,3.53228759765625,0.09920003343821351,120.96770115984052,False,sleep
4715.824789603862,4715.862789616671,4715.884389623951,4715.859989615727,12.78283405303955,0.059600020089894415,151.0066605082573,False,sleep
4716.253989748536,4716.273589755143,4716.299989764041,4716.269589753794,4.785656452178955,0.0460000155056232,130.434738641915,False,sleep
4716.354389782378,4716.362389785075,4716.392389795187,4716.363989785615,6.17458963394165,0.03800001280899308,157.89468361916028,False,sleep
4718.707990575727,4718.721190580177,4718.731190583548,4718.72319058085,6.619314193725586,0.023200007820227356,172.41373498643938,False,sleep
4719.949190994109,4719.955990996402,4719.971191001525,4719.952390995188,4.04817008972168,0.022000007415732836,136.3635903983657,False,sleep
4720.087991040896,4720.116791050604,4720.137591057615,4720.116791050604,5.78251314163208,0.04960001671910676,141.1289846864806,False,sleep
4722.251591770199,4722.2651917747835,4722.286791782065,4722.261991773705,4.604358673095703,0.03520001186517254,142.04540666496425,True,awake
4723.539592204357,4723.552792208807,4723.560792211503,4723.55479220948,9.930569648742676,0.021200007146069823,141.50938626245494,True,awake
4725.193192761751,4725.227992773481,4725.239192777256,4725.227192773211,3.092816114425659,0.0460000155056232,152.17386174890083,True,awake
4725.723592940537,4725.737992945391,4725.750792949705,4725.739992946065,12.811590194702148,0.027200009168542417,147.0587739590218,True,awake
4725.915193005121,4725.927993009436,4725.937593012672,4725.927593009301,4.601748466491699,0.022400007550564344,133.92852628410915,False,sleep
4727.023993378874,4727.034793382514,4727.061993391683,4727.037593383458,6.135119438171387,0.03800001280899308,131.5789030159669,False,sleep
4727.886393669571,4727.909193677257,4727.94839369047,4727.908793677121,9.476710319519043,0.06200002089888345,145.16124139180863,False,sleep
4728.167593764358,4728.189593771774,4728.195193773661,4728.191593772447,3.5533437728881836,0.02760000930337392,144.92748737990556,False,sleep
4728.3943938408065,4728.4147938476835,4728.42199385011,4728.417593848627,6.037842273712158,0.02760000930337392,144.92748737990556,False,sleep
4729.346794161841,4729.3615941668295,4729.376394171818,4729.361994166964,3.6171627044677734,0.02960000997753145,135.135089583966,False,sleep
4732.030395066426,4732.053195074111,4732.063995077751,4732.055595074919,9.372193336486816,0.033600011325846516,148.80947364901016,False,sleep
4732.661595279189,4732.670795282291,4732.681595285931,4732.667195281077,3.3077311515808105,0.020000006741575305,149.99994943820224,False,sleep
4733.712795633526,4733.72799563865,4733.734795640942,4733.72799563865,3.040651321411133,0.022000007415732836,136.3635903983657,False,sleep
4734.545995914381,4734.562795920044,4734.572395923279,4734.561995919774,4.98508882522583,0.026400008898879404,151.51510044262852,False,sleep
4734.8623960210325,4734.90279603465,4734.913196038156,4734.901196034111,6.658386707305908,0.05080001712360128,137.7952291427055,True,awake
4735.371196192538,4735.37719619456,4735.427996211684,4735.421596209527,3.5973832607269287,0.05680001914607387,140.8450229466688,True,awake
4741.280398184404,4741.289598187505,4741.310798194651,4741.291598188179,6.346625804901123,0.030400010247194464,131.5789030159669,True,awake
4741.784398354292,4741.798798359146,4741.816398365078,4741.803198360629,6.5914692878723145,0.03200001078652049,156.24994733146067,True,awake
4742.246398510022,4742.264798516224,4742.27359851919,4742.266398516764,6.02540397644043,0.027200009168542417,147.0587739590218,True,awake
4742.937998743146,4742.97399875528,4742.980798757572,4742.97399875528,3.887751579284668,0.04280001442697116,140.18686863383385,True,awake
4743.884799062292,4743.903199068494,4743.918799073753,4743.90199906809,12.284956932067871,0.03400001146067802,117.64701916721745,False,sleep
4746.535999955955,4746.544799958921,4746.5583999635055,4746.542399958113,4.317208766937256,0.022400007550564344,133.92852628410915,False,sleep
4749.073200811191,4749.080400813618,4749.105600822113,4749.084400814966,3.044149875640869,0.032400010921351995,185.18512276321266,False,sleep
4750.2552012096185,4750.264801212855,4750.27600121663,4750.260401211372,4.582100868225098,0.020800007011238318,144.230720613656,False,sleep
4752.81600207281,4752.832802078473,4752.841202081304,4752.834402079012,4.256275177001953,0.025200008494384887,119.04757891920812,False,sleep
4761.412404970473,4761.436404978564,4761.448004982473,4761.436004978429,6.836096286773682,0.035600012000004046,140.44939085973994,False,sleep
4763.86520579726,4763.8932058066985,4763.910805812631,4763.8932058066985,8.734657287597656,0.0456000153707917,131.5789030159669,False,sleep
4764.191605907283,4764.206805912407,4764.212805914429,4764.196805909036,3.289445161819458,0.021200007146069823,141.50938626245494,False,sleep
4766.094806548811,4766.106406552722,4766.12120655771,4766.107206552991,7.235975742340088,0.026400008898879404,151.51510044262852,False,sleep
4766.528806695103,4766.539206698609,4766.550806702519,4766.536406697665,8.820486068725586,0.022000007415732836,136.3635903983657,True,awake
4767.8772071496205,4767.894807155553,4767.932007168092,4767.912807161621,8.624646186828613,0.05480001847191634,145.98535225129172,True,awake
4770.158407918564,4770.184407927329,4770.201607933126,4770.184007927193,22.714954376220703,0.04320001456180266,162.0369824178111,False,sleep
4770.7152081062495,4770.723608109081,4770.744408116093,4770.724408109351,3.5432558059692383,0.029200009842699947,136.98625519470525,True,awake
4771.204408271149,4771.216008275059,4771.242008283823,4771.216808275329,9.620748519897461,0.037600012674161576,159.57441429595985,True,awake
4772.586808737126,4772.604808743194,4772.643208756138,4772.605608743464,6.2475361824035645,0.056400019011242364,177.3049047732887,True,awake
4772.768008798205,4772.776008800902,4772.803608810205,4772.7792088019805,4.567607879638672,0.035600012000004046,140.44939085973994,True,awake
4773.354408995868,4773.365608999644,4773.3780090038235,4773.362408998565,6.815781593322754,0.02360000795505886,127.11860121881547,True,awake
4773.648009094834,4773.676009104272,4773.711209116138,4773.673209103329,4.5641584396362305,0.06320002130337797,174.05057424263973,True,awake
4776.7504101405875,4776.76801014652,4776.789210153666,4776.76801014652,6.975849151611328,0.0388000130786561,180.41231032086182,True,awake
4777.004010226071,4777.06441024643,4777.071210248722,4777.064010246296,4.637814044952393,0.06720002265169303,148.80947364901016,True,awake
4779.515211072543,4779.528811077127,4779.547611083464,4779.528411076993,8.77808952331543,0.032400010921351995,123.45674850880845,True,awake
4780.1288112793745,4780.1448112847675,4780.195211301757,4780.145611285037,12.734915733337402,0.06640002238203002,150.60235887369703,True,awake
4788.266414022387,4788.28161402751,4788.290414030476,4788.285614028859,6.6581292152404785,0.024000008089890366,124.99995786516854,False,sleep
4788.634014146297,4788.645214150072,4788.656814153982,4788.643614149533,10.764191627502441,0.02280000768539585,175.43853735462253,False,sleep
4789.74201451978,4789.765214527601,4789.770814529488,4789.7676145284095,3.1377880573272705,0.028800009707868442,138.8888420724095,False,sleep
4791.093614975376,4791.119214984005,4791.128414987106,4791.11881498387,9.450178146362305,0.03480001173034103,201.1493574841793,True,awake
4791.400415078791,4791.41681508432,4791.432015089444,4791.411615082567,11.508271217346191,0.031600010651688985,158.2277947660361,True,awake
4792.296415380814,4792.311615385937,4792.344415396994,4792.300415382162,3.647610902786255,0.04800001617978073,145.83328417602996,True,awake
4793.460815773308,4793.4780157791065,4793.487215782207,4793.475615778298,7.878802299499512,0.026400008898879404,151.51510044262852,False,sleep
4793.6152158253535,4793.6584158399155,4793.668015843152,4793.65961584032,5.385556697845459,0.05280001779775881,170.45448799795707,False,sleep
4794.9000162584325,4794.946016273938,4794.953216276365,4794.943616273129,3.6468052864074707,0.05320001793259031,131.5789030159669,False,sleep
4801.592018514163,4801.6108185205,4801.637618529534,4801.61241852104,6.581821441650391,0.0456000153707917,153.50872018529472,False,sleep
4801.909218621085,4801.92041862486,4801.935618629984,4801.918018624051,8.772926330566406,0.026400008898879404,151.51510044262852,False,sleep
4803.604819192636,4803.619619197624,4803.649219207602,4803.61841919722,6.608848571777344,0.04440001496629718,157.657604514627,False,sleep
4804.686819557355,4804.772419586209,4804.8200196022535,4804.771619585939,9.238118171691895,0.13320004489889153,157.657604514627,False,sleep
4806.07562002549,4806.081620027512,4806.109220036816,4806.096820032636,3.180238723754883,0.033600011325846516,178.5713683788122,True,awake
4807.3464204538495,4807.354820456681,4807.3688204614,4807.356020457086,5.664982795715332,0.022400007550564344,133.92852628410915,False,sleep
4808.424820817355,4808.433220820187,4808.445620824366,4808.430420819243,3.095036506652832,0.020800007011238318,192.30762748487467,False,sleep
4809.307621114928,4809.330821122749,4809.338421125311,4809.334421123962,5.42010498046875,0.030800010382025973,129.8700860936816,False,sleep
4811.980422015872,4812.000022022479,4812.01082202612,4811.998822022075,3.8521814346313477,0.030400010247194464,131.5789030159669,False,sleep
4813.482422522165,4813.499222527827,4813.514022532817,4813.500422528232,3.8548080921173096,0.031600010651688985,126.5822358128289,False,sleep
4814.201222764457,4814.210022767424,4814.25202278158,4814.207622766615,5.5262532234191895,0.05080001712360128,177.1652946120499,False,sleep
4814.891222997041,4814.903623001222,4814.93162301066,4814.900423000143,7.670925617218018,0.040400013617982115,148.51480142396264,True,awake
4816.05602338967,4816.074423395873,4816.105223406255,4816.098023403828,3.8566648960113525,0.04920001658427525,121.95117840504247,False,sleep
4817.824023985626,4817.8372239900755,4817.848823993985,4817.8356239895365,7.341263294219971,0.02480000835955338,120.96770115984052,False,sleep
4818.404824181402,4818.416824185447,4818.427624189087,4818.416824185447,5.976332187652588,0.02280000768539585,131.5789030159669,False,sleep
4825.146426453852,4825.164426459919,4825.194026469897,4825.164426459919,10.709141731262207,0.04760001604494923,189.07556651874233,False,sleep
4825.971226731875,4825.982826735784,4826.019226748054,4825.984426736323,6.272497653961182,0.04800001617978073,145.83328417602996,False,sleep
4828.041627429762,4828.051627433133,4828.062027436638,4828.054427434076,5.456445693969727,0.020400006876406813,147.0587739590218,False,sleep
4830.079228116594,4830.093628121448,4830.10042812374,4830.094028121583,4.7715229988098145,0.021200007146069823,188.67918168327327,False,sleep
4831.087228456369,4831.094828458931,4831.10802846338,4831.0956284592,4.645524024963379,0.020800007011238318,144.230720613656,False,sleep
5199.64495268931,5199.664952696052,5199.672552698613,5199.663352695512,6.091673851013184,0.02760000930337392,181.15935922488194,True,awake
5202.188553546704,5202.198153549939,5202.2105535541195,5202.200153550613,10.616239547729492,0.022000007415732836,136.3635903983657,True,awake
5203.014553825131,5203.04015383376,5203.061753841041,5203.041753834299,7.693201065063477,0.04720001591011772,148.3050347552847,True,awake
5203.392553952546,5203.405353956861,5203.423353962929,5203.40615395713,4.798783302307129,0.030800010382025973,194.8051291405224,True,awake
5205.185354556861,5205.196554560636,5205.206954564142,5205.194154559827,4.31837797164917,0.02160000728090133,185.18512276321266,True,awake
5205.414154633984,5205.423754637221,5205.435354641131,5205.422154636682,7.172759056091309,0.021200007146069823,141.50938626245494,True,awake
5205.928554807378,5205.935354809671,5205.970954821671,5205.935354809671,3.7362639904022217,0.042400014292139646,141.50938626245494,True,awake
5206.740955081221,5206.750555084457,5206.7677550902545,5206.750955084592,4.257598400115967,0.02680000903371091,149.25368103303708,True,awake
5214.87415782275,5214.916157836907,5214.929357841356,5214.914957836502,8.555045127868652,0.05520001860674784,163.04342330239376,True,awake
5214.988157861177,5215.003757866435,5215.014557870076,5215.004557866705,11.400694847106934,0.026400008898879404,151.51510044262852,True,awake
5215.7629581223455,5215.792558132323,5215.800158134884,5215.795358133267,4.633960723876953,0.03720001253933007,161.2902682131207,True,awake
5215.840958148638,5215.872958159424,5215.879758161716,5215.872558159289,4.714512348175049,0.0388000130786561,128.86593594347272,True,awake
5216.860558492323,5216.886558501087,5216.90415850702,5216.884958500548,8.556593894958496,0.043600014696634166,160.5504045974642,True,awake
5219.250159297807,5219.258559300638,5219.270559304683,5219.259759301042,5.870471954345703,0.020400006876406813,147.0587739590218,True,awake
5220.412959689762,5220.423359693267,5220.443359700009,5220.421759692728,10.492371559143066,0.030400010247194464,131.5789030159669,True,awake
5220.72495979493,5220.738959799649,5220.754959805043,5220.73735979911,11.076828956604004,0.03000001011236296,133.33328838951311,True,awake
5221.514160060953,5221.526960065267,5221.534560067829,5221.528960065942,3.6830601692199707,0.020400006876406813,147.0587739590218,True,awake
5228.134562292549,5228.175762306437,5228.190962311561,5228.140962294707,5.819390296936035,0.056400019011242364,141.84392381863097,True,awake
5228.9969625832455,5229.015362589448,5229.053362602257,5229.014962589314,5.914577484130859,0.056400019011242364,195.03539525061757,True,awake
5230.451363073493,5230.466163078482,5230.475763081718,5230.45856307592,3.5851662158966064,0.024400008224721874,122.95077822803464,True,awake
5230.587363119336,5230.595363122033,5230.610563127156,5230.597363122707,7.326517581939697,0.023200007820227356,129.31030123982953,True,awake
5232.185763658123,5232.201363663381,5232.208163665673,5232.2009636632465,4.480475425720215,0.022400007550564344,133.92852628410915,True,awake
5234.206564339292,5234.214564341988,5234.25696435628,5234.212964341448,7.880807876586914,0.05040001698876977,119.04757891920812,True,awake
5236.261365031921,5236.2737650361005,5236.284565039741,5236.271365035292,6.350321292877197,0.023200007820227356,129.31030123982953,True,awake
5238.918165927472,5238.952165938932,5238.998165954438,5238.950165938259,12.907626152038574,0.08000002696630122,137.4999536516854,True,awake
5242.064166987921,5242.074566991427,5242.091766997225,5242.072166990618,7.403621196746826,0.02760000930337392,108.69561553492917,True,awake
5243.722967547068,5243.740967553135,5243.749767556102,5243.744167554214,5.168591022491455,0.02680000903371091,149.25368103303708,True,awake
5244.174967699428,5244.187367703607,5244.196967706843,5244.187767703742,7.458271503448486,0.022000007415732836,136.3635903983657,True,awake
5245.1961680436525,5245.205368046753,5245.220168051742,5245.207368047428,5.579674243927002,0.024000008089890366,166.6666104868914,True,awake
5253.6585708961475,5253.667370899114,5253.7009709104395,5253.667370899114,3.563915491104126,0.042400014292139646,165.0942839728641,True,awake
5254.940971328418,5254.954171332866,5254.975771340148,5254.967771337451,7.090937614440918,0.03480001173034103,143.67811248869947,True,awake
5256.473371844957,5256.528971863699,5256.535371865855,5256.532171864777,4.57688045501709,0.06200002089888345,161.2902682131207,True,awake
5256.652171905226,5256.67897191426,5256.690971918305,5256.6685719107545,5.339543342590332,0.0388000130786561,128.86593594347272,True,awake
5257.94897234235,5257.965372347879,5257.990172356238,5257.962972347069,8.763650894165039,0.04120001388764513,145.631018872041,True,awake
5259.2821727917435,5259.302172798485,5259.310572801317,5259.3041727991595,6.854251861572266,0.028400009573036934,176.056278683336,True,awake
5259.476172857137,5259.495372863609,5259.514972870215,5259.481772859024,5.810604095458984,0.0388000130786561,154.63912313216727,True,awake
5260.545373217542,5260.569373225631,5260.578573228732,5260.568573225361,5.297365665435791,0.03320001119101501,150.60235887369703,True,awake
5261.189773434755,5261.206573440418,5261.223373446081,5261.208173440958,5.329143524169922,0.033600011325846516,148.80947364901016,True,awake
5265.12017475961,5265.134174764328,5265.14257476716,5265.1369747652725,5.828359127044678,0.022400007550564344,133.92852628410915,True,awake
5267.203375461812,5267.211775464643,5267.2449754758345,5267.210175464104,5.801422595977783,0.041600014022476636,168.26917404926533,True,awake
5270.864576695924,5270.88817670388,5270.89977670779,5270.889376704285,12.287215232849121,0.03520001186517254,170.45448799795707,True,awake
5271.307776845318,5271.315776848015,5271.3677768655425,5271.314176847475,4.4990739822387695,0.06000002022472592,149.99994943820226,True,awake
5271.5125769143515,5271.5329769212285,5271.545376925408,5271.533376921363,3.065101385116577,0.0328000110561835,213.41456220882435,True,awake
5271.688976973813,5271.716176982981,5271.726976986622,5271.71857698379,5.768492221832275,0.03800001280899308,131.5789030159669,True,awake
5560.4374743047665,5560.451474309486,5560.458674311913,5560.452274309755,6.55314302444458,0.021200007146069823,188.67918168327327,False,sleep
5564.093475537126,5564.102275540093,5564.1182755454865,5564.098275538745,4.6984543800354,0.02480000835955338,161.2902682131207,True,awake
5564.598275707284,5564.60867571079,5564.669875731419,5564.6102757113285,5.420708656311035,0.0716000241348396,153.63123313037474,True,awake
5777.9047476083415,5777.911547610634,5777.937547619398,5777.911547610634,3.9624199867248535,0.0328000110561835,182.92676760756373,False,sleep
5779.007147979937,5779.0159479829035,5779.027547986814,5779.014347982365,4.138339519500732,0.020400006876406813,147.0587739590218,False,sleep
5781.164348707084,5781.172348709781,5781.1891487154435,5781.171148709376,7.911401748657227,0.02480000835955338,120.96770115984052,False,sleep
5782.470749147444,5782.527149166454,5782.550349174275,5782.52754916659,11.705270767211914,0.07960002683146972,163.3165278640393,False,sleep
5783.039549339174,5783.058349345511,5783.064749347668,5783.061549346589,3.908456325531006,0.025200008494384887,198.41263153201353,False,sleep
5783.3403494405675,5783.367549449736,5783.386349456073,5783.366349449331,7.047754764556885,0.0460000155056232,130.434738641915,False,sleep
5785.649150218815,5785.6643502239385,5785.674750227444,5785.656750221377,4.5799431800842285,0.02560000862921639,156.24994733146067,False,sleep
5786.354350456522,5786.36235045922,5786.379550465017,5786.359550458275,5.095258712768555,0.025200008494384887,119.04757891920812,False,sleep
5786.790750603624,5786.815150611848,5786.821150613871,5786.795150605107,3.1680667400360107,0.030400010247194464,131.5789030159669,False,sleep
5787.58435087113,5787.604350877871,5787.611150880163,5787.6063508785455,4.485034942626953,0.02680000903371091,186.56710129129635,False,sleep
5788.433151157242,5788.443551160747,5788.453551164118,5788.442751160478,4.340272426605225,0.020400006876406813,147.0587739590218,False,sleep
5797.523154221288,5797.529554223445,5797.558754233288,5797.529154223311,4.415818691253662,0.035600012000004046,168.53926903168792,True,awake
5798.3719545074,5798.382754511041,5798.393154514546,5798.381554510636,6.234753608703613,0.021200007146069823,141.50938626245494,False,sleep
5799.806754991041,5799.832754999805,5799.840355002367,5799.8307549991305,7.457681655883789,0.033600011325846516,119.04757891920814,False,sleep
5801.157955446502,5801.1715554510865,5801.214355465513,5801.174755452164,7.843804836273193,0.056400019011242364,124.1134333413021,False,sleep
5801.311955498412,5801.329555504344,5801.335155506232,5801.313155498817,3.149364471435547,0.023200007820227356,129.31030123982953,False,sleep
5804.737156652975,5804.749956657289,5804.777556666592,5804.74675665621,13.827527046203613,0.040400013617982115,148.51480142396264,True,awake
5806.565557269289,5806.578757273738,5806.591957278188,5806.577957273469,6.576563835144043,0.026400008898879404,151.51510044262852,False,sleep
5808.079557779626,5808.107557789064,5808.115157791626,5808.108757789469,5.2543511390686035,0.035600012000004046,168.53926903168792,False,sleep
5809.644758307222,5809.651558309514,5809.678358318548,5809.652758309919,3.8773725032806396,0.033600011325846516,148.80947364901016,False,sleep
5809.998758426548,5810.018358433154,5810.026758435986,5810.021158434099,4.693297863006592,0.02800000943820543,178.57136837881222,False,sleep
5813.630759650818,5813.654359658773,5813.660359660796,5813.657159659717,3.3746275901794434,0.02960000997753145,135.135089583966,False,sleep
5814.018759781605,5814.025959784031,5814.049959792122,5814.025559783897,4.443708896636963,0.031200010516857477,128.20508498991646,False,sleep
5814.165559831087,5814.171959833245,5814.197559841874,5814.17235983338,3.8289425373077393,0.03200001078652049,156.24994733146067,False,sleep
5814.83716005747,5814.851560062323,5814.859560065021,5814.852360062593,7.711065292358398,0.022400007550564344,133.92852628410915,False,sleep
5815.328760223178,5815.345960228975,5815.351160230728,5815.344360228436,3.7429544925689697,0.022400007550564344,133.92852628410915,False,sleep
5817.099960820212,5817.106760822504,5817.122360827762,5817.10476082183,3.295391082763672,0.022400007550564344,133.92852628410915,False,sleep
5817.465560943448,5817.474360946414,5817.486360950459,5817.473960946279,5.719265460968018,0.020800007011238318,144.230720613656,True,awake
5818.233961202459,5818.24316120556,5818.261161211627,5818.253161208931,4.671101093292236,0.027200009168542417,147.0587739590218,True,awake
5819.160761514863,5819.167161517021,5819.1931615257845,5819.167961517291,3.7201578617095947,0.032400010921351995,185.18512276321266,True,awake
5821.028762144527,5821.037562147493,5821.057562154235,5821.035162146683,5.219995021820068,0.028800009707868442,138.8888420724095,False,sleep
5823.891163109381,5823.921963119763,5823.933163123538,5823.923563120302,4.925416946411133,0.04200001415730814,142.85709470304977,False,sleep
5824.174363204842,5824.209163216572,5824.226363222369,5824.193963211448,6.244001388549805,0.0520000175280958,134.61533923941226,False,sleep
5825.702763720033,5825.70996372246,5825.723563727044,5825.710363722595,4.600649356842041,0.020800007011238318,144.230720613656,False,sleep
5825.755963737965,5825.7695637425495,5825.78036374619,5825.770763742954,6.127686500549316,0.024400008224721874,163.93437097071285,False,sleep
5826.211563891538,5826.2191638941,5826.232763898684,5826.215963893022,6.177746295928955,0.021200007146069823,141.50938626245494,True,awake
5828.025964503134,5828.046364510011,5828.058364514055,5828.04716451028,5.586430072784424,0.032400010921351995,154.32093563601055,True,awake
5829.376364958325,5829.395564964797,5829.443164980842,5829.397164965337,6.323462009429932,0.06680002251686153,149.7005483415192,True,awake
5830.789565434685,5830.80156543873,5830.834765449921,5830.80156543873,5.879642963409424,0.04520001523596019,132.74331808690465,True,awake
5830.958365491584,5830.975165497247,5830.983565500078,5830.974365496977,3.2569615840911865,0.025200008494384887,158.73010522561083,True,awake
5831.510765677786,5831.527165683315,5831.535165686011,5831.527165683315,6.654739856719971,0.024400008224721874,163.93437097071285,True,awake
5832.136365888663,5832.169965899989,5832.177165902415,5832.16756589918,4.631147861480713,0.04080001375281363,147.0587739590218,True,awake
5832.349965960662,5832.359965964033,5832.369965967404,5832.357565963224,6.171566486358643,0.020000006741575305,149.99994943820224,True,awake
5834.004366518326,5834.015966522236,5834.027166526012,5834.013566521427,10.652647018432617,0.02280000768539585,131.5789030159669,True,awake
5835.392766986326,5835.418366994955,5835.457967008303,5835.422366996303,4.502779006958008,0.0652000219775355,138.0367632866892,True,awake
5835.9419671714495,5835.955167175899,5835.964767179135,5835.954367175629,7.879021644592285,0.02280000768539585,131.5789030159669,True,awake
5837.65076774745,5837.660767750821,5837.6951677624165,5837.66236775136,6.305576801300049,0.04440001496629718,157.657604514627,True,awake
5842.074369238551,5842.083169241518,5842.111169250956,5842.085169242192,7.916588306427002,0.03680001240449857,135.86951941866147,True,awake
5842.929969526956,5842.941169530732,5842.949969533697,5842.946369532484,4.673471927642822,0.020000006741575305,149.99994943820224,True,awake
5845.883570522552,5845.88917052444,5845.91237053226,5845.884770522956,3.088568925857544,0.028800009707868442,138.8888420724095,True,awake
5846.097170594552,5846.1059705975185,5846.134770607226,5846.103970596844,8.586163520812988,0.037600012674161576,132.97867857996653,True,awake
5854.426373402148,5854.475573418733,5854.503573428171,5854.476773419137,9.705464363098145,0.07720002602248068,168.3937256214706,True,awake
5854.982373589564,5854.990773592395,5855.0163736010245,5854.9875735913165,3.9040634632110596,0.03400001146067802,147.0587739590218,True,awake
5856.924374244171,5856.951174253205,5856.968774259138,5856.960374256306,10.181975364685059,0.04440001496629718,135.135089583966,True,awake
5860.814775555542,5860.825975559317,5860.835975562688,5860.823975558644,6.385383129119873,0.021200007146069823,141.50938626245494,True,awake
5863.081176319498,5863.093576323678,5863.1019763265085,5863.097576325025,4.654531955718994,0.020800007011238318,144.230720613656,True,awake
5864.011976633251,5864.023976637295,5864.044376644172,5864.024376637431,6.603867053985596,0.032400010921351995,123.45674850880845,True,awake
5867.051577657835,5867.063977662015,5867.076377666194,5867.06277766161,7.404834747314453,0.02480000835955338,120.96770115984052,True,awake
5868.9567783000375,5868.971578305026,5868.986378310015,5868.969178304217,4.030427932739258,0.02960000997753145,135.135089583966,True,awake
5870.9935789865995,5871.015578994015,5871.022778996442,5871.0003789888915,4.164358139038086,0.029200009842699947,171.23281899338156,True,awake
5872.699179561521,5872.710779565431,5872.728379571364,5872.712779566105,7.026089668273926,0.029200009842699947,136.98625519470525,True,awake
5879.657181906915,5879.687581917163,5879.694781919589,5879.663181908938,4.454333782196045,0.037600012674161576,212.76588572794645,True,awake
5880.005982024489,5880.015582027724,5880.028382032039,5880.014782027454,5.407584190368652,0.022400007550564344,178.5713683788122,True,awake
5880.735182270286,5880.755982277297,5880.767182281073,5880.756782277567,6.167259216308594,0.03200001078652049,156.24994733146067,True,awake
5884.089983401118,5884.09838340395,5884.114383409343,5884.095583403006,5.039752960205078,0.024400008224721874,122.95077822803464,True,awake
5888.074784744309,5888.090784749703,5888.1463847684445,5888.091184749837,9.809635162353516,0.0716000241348396,139.66475739124976,True,awake
5889.619585265029,5889.641585272445,5889.651585275815,5889.640785272175,7.963572025299072,0.03200001078652049,187.4999367977528,True,awake
5892.202386135636,5892.229586144805,5892.23838614777,5892.2327861458825,7.504408836364746,0.03600001213483555,138.8888420724095,True,awake
5897.080787780041,5897.087187782198,5897.147987802692,5897.087187782198,3.653956413269043,0.06720002265169303,148.80947364901016,True,awake
5898.375988216625,5898.385988219996,5898.415988230108,5898.386388220131,4.400491714477539,0.04000001348315061,149.99994943820224,True,awake
5899.248388510693,5899.2791885210745,5899.308388530918,5899.2771885204,9.15287971496582,0.06000002022472592,133.33328838951311,True,awake
5899.758788682738,5899.770788686783,5899.783188690963,5899.768388685974,7.390561580657959,0.024400008224721874,163.93437097071285,True,awake
5910.624392345301,5910.633592348402,5910.646392352716,5910.630392347323,4.968343734741211,0.022000007415732836,136.3635903983657,True,awake
5911.477192632761,5911.488392636536,5911.513192644897,5911.491592637615,3.4527008533477783,0.03600001213483555,166.6666104868914,True,awake
5912.695193043323,5912.710393048447,5912.7155930501995,5912.711593048852,3.0904183387756348,0.020400006876406813,196.07836527869574,True,awake
5917.210394565302,5917.22439457002,5917.231594572448,5917.213994566515,4.845917224884033,0.021200007146069823,141.50938626245494,True,awake
5920.129995549437,5920.137195551863,5920.151595556717,5920.135195551189,3.8979032039642334,0.02160000728090133,138.8888420724095,True,awake
5924.073196878606,5924.083596882111,5924.0983968871,5924.08679688319,6.0637030601501465,0.025200008494384887,158.73010522561083,True,awake
5924.449197005348,5924.464397010471,5924.473197013437,5924.466397011145,4.953308582305908,0.024000008089890366,166.6666104868914,True,awake
5925.759197446921,5925.769597450426,5925.78399745528,5925.77079745083,6.640052795410156,0.02480000835955338,161.2902682131207,True,awake
5926.409197666022,5926.419997669662,5926.43719767546,5926.417997668988,7.883559226989746,0.02800000943820543,142.85709470304977,True,awake
5928.58479839937,5928.5979984038195,5928.623998412584,5928.600398404628,9.212360382080078,0.0392000132134876,127.5509774134373,False,sleep
5929.607998744269,5929.61719874737,5929.627998751011,5929.616398747101,5.961588382720947,0.020000006741575305,149.99994943820224,False,sleep
5931.501999382696,5931.540799395775,5931.547599398067,5931.540799395775,5.457218647003174,0.0456000153707917,131.5789030159669,True,awake
5934.109200261528,5934.118000264494,5934.136800270831,5934.133600269753,4.0513997077941895,0.02760000930337392,144.92748737990556,True,awake
5938.595601773798,5938.628401784855,5938.635201787147,5938.62640178418,4.497974395751953,0.039600013348319106,151.51510044262852,True,awake
5938.914401881259,5938.933201887596,5938.954001894607,5938.934801888136,12.887308120727539,0.039600013348319106,126.26258370219045,True,awake
5941.256002670562,5941.268402674743,5941.278802678248,5941.2680026746075,7.457581520080566,0.02280000768539585,131.5789030159669,True,awake
5942.020402928226,5942.036802933754,5942.048402937664,5942.040002934832,10.490503311157227,0.02800000943820543,142.85709470304977,True,awake
5944.286803692181,5944.298403696092,5944.329203706473,5944.299203696361,10.898287773132324,0.042400014292139646,141.50938626245494,True,awake
5946.694804503867,5946.704004506968,5946.731204516136,5946.7044045071025,4.938678741455078,0.036400012269667055,137.3625910606248,True,awake
5948.077204969844,5948.098004976856,5948.105604979417,5948.09840497699,3.27573561668396,0.028400009573036934,140.8450229466688,True,awake
5949.414005420451,5949.4256054243615,5949.449205432316,5949.42800542517,6.257565975189209,0.03520001186517254,113.63632533197139,True,awake
5951.8512062419795,5951.870806248587,5951.918806264766,5951.872006248991,8.010680198669434,0.06760002278652454,162.7218386410478,True,awake
5952.237206372092,5952.26520638153,5952.275206384901,5952.267206382205,8.335864067077637,0.03800001280899308,131.5789030159669,True,awake
5955.102807338025,5955.111607340991,5955.146407352721,5955.112407341261,5.195274353027344,0.043600014696634166,137.61463251211217,True,awake
5956.972407968227,5957.03720799007,5957.052807995328,5957.0344079891265,8.084539413452148,0.08040002710113273,161.69148778579014,True,awake
5959.000008651688,5959.009208654789,5959.040408665306,5959.005608653576,6.8682379722595215,0.040400013617982115,123.76233451996885,True,awake
5961.524009502475,5961.5340095058455,5961.544809509486,5961.533609505711,3.669856309890747,0.020800007011238318,144.230720613656,True,awake
5962.003209664003,5962.0112096667,5962.024009671014,5962.013209667374,5.326168060302734,0.020800007011238318,144.230720613656,True,awake
5962.531209841981,5962.552009848992,5962.5648098533065,5962.550809848588,11.696488380432129,0.033600011325846516,148.80947364901016,True,awake
5963.204010068767,5963.242010081576,5963.254410085756,5963.226410076318,3.786372423171997,0.05040001698876977,158.73010522561083,True,awake
5963.950010320228,5963.954810321846,5963.9800103303405,5963.954810321846,3.226215362548828,0.03000001011236296,166.6666104868914,True,awake
5964.06521035906,5964.084410365532,5964.090410367554,5964.083610365262,3.152899742126465,0.025200008494384887,119.04757891920812,True,awake
5964.328410447779,5964.344010453037,5964.36161045897,5964.346410453846,5.635941028594971,0.03320001119101501,180.72283064843643,True,awake
5964.440010485397,5964.450810489037,5964.480410499014,5964.453210489846,8.173797607421875,0.040400013617982115,148.51480142396264,True,awake
5964.662810560498,5964.670810563194,5964.684410567779,5964.672810563869,6.397539138793945,0.02160000728090133,138.8888420724095,True,awake
5965.438810822071,5965.4452108242285,5965.481210836363,5965.446810824767,4.291435718536377,0.042400014292139646,141.50938626245494,True,awake
5967.101211382431,5967.110011385397,5967.123211389847,5967.107611384588,5.103909492492676,0.022000007415732836,136.3635903983657,True,awake
5968.864011976633,5968.877611981217,5968.884411983509,5968.879611981892,4.788366317749023,0.020400006876406813,147.0587739590218,True,awake
5969.742812272858,5969.776012284049,5969.78601228742,5969.778412284858,5.000637054443359,0.04320001456180266,162.0369824178111,True,awake
5978.917615365488,5978.928415369129,5978.93761537223,5978.929615369533,6.473369121551514,0.020000006741575305,149.99994943820224,True,awake
5979.216015466072,5979.233615472005,5979.24641547632,5979.234415472275,5.150608539581299,0.030400010247194464,131.5789030159669,True,awake
5980.720815973309,5980.727215975466,5980.7432159808595,5980.72841597587,4.605344295501709,0.022400007550564344,133.92852628410915,True,awake
5980.906016035736,5980.928816043421,5980.9456160490845,5980.928416043286,9.886995315551758,0.039600013348319106,126.26258370219045,True,awake
5982.814416679017,5982.83121668468,5982.8384166871065,5982.832416685084,5.747060298919678,0.024000008089890366,124.99995786516854,True,awake
5983.732416988455,5983.7396169908825,5983.75601699641,5983.736816989938,3.25829815864563,0.02360000795505886,127.11860121881547,True,awake
5983.880417038343,5983.895617043467,5983.924017053039,5983.893617042792,9.691727638244629,0.043600014696634166,137.61463251211217,True,awake
5987.118018129669,5987.132418134523,5987.150818140725,5987.132018134388,13.306243896484375,0.0328000110561835,152.43897300630312,True,awake
5992.486419939242,5992.555619962569,5992.610819981175,5992.552019961355,6.772572994232178,0.1244000419325984,144.69448498861954,True,awake
5995.56682097758,5995.574420980141,5995.603220989849,5995.573220979737,4.237884044647217,0.036400012269667055,109.89007284849983,False,sleep
5997.56042164958,5997.568421652277,5997.590421659693,5997.5656216513335,4.657294750213623,0.03000001011236296,133.33328838951311,True,awake
5997.807621732906,5997.8172217361425,5997.830821740727,5997.815621735603,6.5100531578063965,0.023200007820227356,129.31030123982953,True,awake
5999.44882228612,5999.462422290704,5999.470022293266,5999.464022291243,3.597717046737671,0.021200007146069823,188.67918168327327,True,awake
5999.88602243349,5999.905222439963,5999.914022442929,5999.902822439153,5.0958123207092285,0.02800000943820543,142.85709470304977,True,awake
6002.450423297895,6002.46322330221,6002.482423308682,6002.460423301266,14.974648475646973,0.03200001078652049,124.99995786516854,True,awake
6003.6620237063,6003.6728237099405,6003.685623714256,6003.675223710749,8.0485200881958,0.02360000795505886,127.11860121881547,True,awake
6004.348423937671,6004.357623940772,6004.383223949401,6004.356023940233,5.660340309143066,0.03480001173034103,143.67811248869947,True,awake
6004.975624149087,6004.990424154075,6004.999224157042,6004.992824154884,6.948434352874756,0.02360000795505886,169.49146829175396,False,sleep
6005.352824276233,6005.400424292277,6005.410424295648,6005.400424292277,7.116782188415527,0.057600019415736885,156.24994733146067,False,sleep
6005.516424331379,6005.5216243331315,6005.565224347828,6005.532424336772,3.0932090282440186,0.04880001644944375,143.44257459937376,False,sleep
6018.130028583156,6018.14362858774,6018.154828591515,6018.143228587605,5.252559185028076,0.02480000835955338,161.2902682131207,False,sleep
6019.926029188549,6019.942429194077,6019.94762919583,6019.943629194482,3.6180508136749268,0.02160000728090133,138.8888420724095,True,awake
6020.533229393223,6020.566829404549,6020.575229407381,6020.568429405089,6.4864583015441895,0.04200001415730814,142.85709470304977,False,sleep
